originator,OML.aic,GML.aic,Competitive Suppression.aic,Direct Suppression.aic,Generalized Competitive Suppression.aic,Generalized Direct Suppression.aic,ROE Competitive Suppression.aic,ROE Direct Suppression.aic
OML,309.708366625312,346.708190660896,390.889887116026,329.196622169898,421.480719254234,353.887352973234,326.68947234488,318.020674132609
originator,OML.aic,GML.aic,Competitive Suppression.aic,Direct Suppression.aic,Generalized Competitive Suppression.aic,Generalized Direct Suppression.aic,ROE Competitive Suppression.aic,ROE Direct Suppression.aic
OML,272.009028021424,302.058044281113,378.366647419304,305.536431647595,401.51530535586,320.107018358327,295.199198313714,295.145541143393
GML,306.850989167041,150.149515263017,325.405229997473,358.638403753419,283.163491376495,176.608001511271,290.090874546865,331.344619512067
originator,OML.aic,GML.aic,Competitive Suppression.aic,Direct Suppression.aic,Generalized Competitive Suppression.aic,Generalized Direct Suppression.aic,ROE Competitive Suppression.aic,ROE Direct Suppression.aic
OML,287.638947657703,315.586600347665,359.623288318717,324.416204804816,389.5651890261,333.882407035868,305.890678584551,310.765284364082
GML,316.826285740819,183.07443039035,349.369795463836,365.496951125629,294.460580840766,205.10917279968,312.799798683546,342.082268985643
Competitive Suppression,389.848005472874,395.859674753004,333.356841918099,430.275639441465,341.014981777006,416.967258601099,347.778812546307,415.38551345971
Direct Suppression,376.135575970694,393.202866795231,452.394722746353,365.351252493482,480.524491464695,391.610905295578,401.465917152675,380.190685829529
Generalized Competitive Suppression,417.632014493721,325.098717357242,355.871306485588,450.19197267649,266.684188719616,335.253263399208,362.542107889027,440.178100829663
Generalized Direct Suppression,323.049980221799,187.988078841764,353.932438033316,356.988962007836,313.401241487536,157.118563010584,320.283733352314,345.011062186988
ROE Competitive Suppression,288.841485134699,296.77830225558,321.104971658059,338.92272936455,350.919686730146,322.138514227126,268.561948759069,313.517124422271
ROE Direct Suppression,298.806737334589,332.419284973392,362.21016285464,341.008802877845,400.19938717263,349.305774206808,310.038559857904,314.514994512244
OML,283.097103794268,292.552699402898,377.086522538526,315.487582243279,399.642899832141,302.23822612729,308.134397435893,300.597166231797
GML,322.919780052537,170.976858455486,350.375165208238,365.057458618738,293.519022481393,185.872088327861,315.468120790003,347.898928876518
Competitive Suppression,387.312977266136,390.632017914882,328.609159179446,429.476707285533,352.028249813024,406.133996426992,339.161358784065,412.427330403651
Direct Suppression,367.863564413294,379.398909125142,433.156958365515,351.008724580201,445.568803418344,358.84087248842,387.029720731579,361.817045530633
Generalized Competitive Suppression,396.140964275747,318.267711131903,314.365511057305,429.355087296711,253.09076766871,324.607964137791,330.633739149447,419.034405363085
Generalized Direct Suppression,311.369542488063,176.588888777831,349.745661478576,353.45552671511,308.016392994141,150.179737520733,317.055206522901,334.104867798293
ROE Competitive Suppression,325.019129483487,333.578242795528,341.982167873193,359.622700419795,353.380819752179,354.288517372684,301.015491044396,349.501892371914
ROE Direct Suppression,302.906624687166,342.072962638675,364.356523086913,333.98012318033,402.302662076534,352.302614399175,321.780718998908,321.423105323805
OML,275.300805491229,310.047935873164,360.78234675412,318.521156752076,389.131047264994,339.072656752851,284.863971363126,299.672314837978
GML,307.78390334699,194.88555134925,347.955663425545,347.075066673676,318.421766592572,192.194173682697,309.798112224313,326.747030189144
Competitive Suppression,388.365020361894,391.883707867956,288.21284247009,431.106638021887,300.732527307817,412.883250062455,302.542216719327,408.956740042692
Direct Suppression,359.536292186513,377.546072267216,435.541140733247,346.757518186861,463.293513796726,376.267514265139,382.344616459989,361.105844405145
Generalized Competitive Suppression,401.91062957424,324.385755039312,333.628633666949,434.142785029784,246.204858251816,332.115592550195,354.963854010069,427.118061048914
Generalized Direct Suppression,320.389077278649,168.488888256624,341.409897132934,361.623635397115,286.347413447116,148.630059157102,320.530103743957,340.63667240097
ROE Competitive Suppression,306.378082668088,310.997261524304,359.046532175049,344.820941209808,389.395047387533,326.23449715508,295.075057618992,326.037499705823
ROE Direct Suppression,316.860183176794,351.719660082143,386.809551857049,344.924221442988,424.122625856662,362.912682893021,331.672131772732,338.741998848139
OML,275.527783191909,298.824844038723,352.658594628415,323.014618614868,383.77848047181,328.831548542486,293.15388265077,300.319184578533
GML,295.390652172435,167.581179674148,326.63650992405,350.259917779013,286.8070626827,192.296256753431,290.262059523885,320.438452395637
Competitive Suppression,385.069568918555,410.830398842015,327.09192230233,418.231693887324,364.841658183135,427.681930340939,328.36856485031,403.424279926881
Direct Suppression,325.923237207931,349.231801810819,398.062954941175,331.443748995355,435.665496999167,357.736356577319,339.44971769802,330.970798184307
Generalized Competitive Suppression,411.230653338102,335.954857825399,349.556942540314,446.199638558994,274.653027371952,344.789308766383,365.10222772107,435.913681015116
Generalized Direct Suppression,308.383726347764,184.113432854634,347.640653630501,349.162479054727,314.585145945981,157.824410165023,316.515000497927,333.498129746795
ROE Competitive Suppression,321.636368590152,341.345781363275,316.166512100457,360.533359100685,354.933177189714,359.079816904569,293.937179649168,341.009263664465
ROE Direct Suppression,307.383860496175,347.782989177217,371.338645577367,347.171933024349,407.683934404606,366.631226983298,327.740286290017,325.719833310298
OML,302.491709232029,302.005819071306,377.251026722638,334.907987584581,399.450774258841,319.015172140498,320.002391791661,321.118682682527
GML,318.447912751269,188.461793779697,351.121378341994,367.672719074242,313.0616230257,190.42718589305,316.157211739117,344.130374279972
Competitive Suppression,387.217704636441,414.020756849856,310.529429754503,427.757347184198,354.247880137537,432.574503226687,332.092712466995,409.335167095711
Direct Suppression,349.539322676396,376.611146360099,421.279116748174,329.108232082348,452.261149558019,363.531488667787,360.611348961503,338.107289366811
Generalized Competitive Suppression,388.644436919169,321.503936976666,334.843763939253,427.773792867474,273.735561089301,333.229570773591,353.796129363825,412.659766339225
Generalized Direct Suppression,333.92109980026,188.580963551457,347.0227468018,367.629463363904,300.40897085613,163.210268185591,327.725952614349,356.34155242618
ROE Competitive Suppression,310.087084185644,311.789496915666,336.688894825383,350.603722150993,362.830691679451,333.490234242981,289.286551415076,334.904272860213
ROE Direct Suppression,273.462793641235,290.15551417988,362.101068646502,304.015578332808,374.263611705067,302.757649888337,293.818724325519,295.2491415031
OML,319.786968161175,349.061941261076,395.782702655885,337.026518478616,419.494512043986,355.736358397409,338.334325410419,342.797316755641
GML,290.67562861556,146.543706687041,318.979415794197,344.915370605124,279.718362045058,176.324793477149,282.223784428256,314.651615238077
Competitive Suppression,367.220971998956,369.506392679735,314.465207017305,406.205666781807,343.972605683958,381.608442450446,321.287521762062,386.479878621073
Direct Suppression,372.087069329231,379.720408958863,468.696411104152,347.962961522314,490.075205011611,376.012933199477,398.827599071436,364.746952903773
Generalized Competitive Suppression,393.097513036332,313.448727392967,329.461615009345,430.698800452145,274.214645744964,324.913729714223,340.590274259369,418.403426033627
Generalized Direct Suppression,300.831138820158,163.223116837066,342.193862117069,345.087896292445,292.985953587034,132.015959463536,301.802514289526,321.898328405352
ROE Competitive Suppression,280.757151608055,301.997260689665,338.68593998351,323.204056803708,370.794256649664,322.920560005795,253.890053165967,304.410665135874
ROE Direct Suppression,270.901426561122,289.073394229748,361.49768818654,323.043612828134,386.128082521666,315.035780698795,291.015058409286,289.86192581527
OML,269.746822654295,291.066548010899,370.865738037928,304.8090874278,394.620084110994,307.191888191713,292.824246616818,284.57632224407
GML,316.945035072839,153.471382497912,347.632073084514,364.055497028209,296.777638483496,185.817149574691,313.480616587201,341.948962381582
Competitive Suppression,365.071513630117,370.380966652887,317.384491201297,409.765071862008,347.028694723308,386.790481242178,325.569082105617,387.69349772502
Direct Suppression,344.842343154611,364.25944065519,420.591232932586,339.855439642274,452.130799017842,356.494129020829,361.579050203569,354.404283570578
Generalized Competitive Suppression,389.645867428759,305.487536384362,310.455287406317,428.847689196549,227.098443148778,321.130528614486,317.902049611286,412.681880225844
Generalized Direct Suppression,316.676537551565,212.903864795941,351.887437540142,357.457685613126,310.247294148015,186.994718434093,320.071517076395,340.465647558482
ROE Competitive Suppression,297.319712755375,313.381156298469,316.234179497123,341.933464312854,337.408158765501,327.989469861737,278.186613299137,319.398694541984
ROE Direct Suppression,291.666151187959,307.81850809693,381.304406216784,326.077422033091,404.847689394595,324.841306100079,315.578350669261,307.803504425383
OML,277.441288206305,307.535716244475,368.743914132129,314.35872710006,409.021478150368,322.567897614838,295.336741344558,298.886136593999
GML,298.030719029156,143.981186947864,322.286934319547,349.049903888306,280.299265181245,167.933043153616,285.59791365393,323.136976755694
Competitive Suppression,397.578245724389,390.016144401809,324.272780855578,438.521175463242,344.640418356043,403.410365516874,340.888565327159,418.969383758632
Direct Suppression,353.345887350514,384.435733149393,428.047857579273,350.574973488647,462.377390910305,380.763340990061,376.77879416334,353.16865859311
Generalized Competitive Suppression,396.935116708788,295.604001658036,314.754546145131,430.704019881944,243.514484330941,299.087385225185,338.208109133151,422.17084175604
Generalized Direct Suppression,310.59789351807,159.987718731709,329.611385872086,357.092427243491,275.331987688443,145.297537853846,296.305259044218,334.801012690622
ROE Competitive Suppression,317.52344509803,321.868264626055,307.134474245288,362.077802294806,332.309726203097,351.381437871901,271.504701386899,339.376274433184
ROE Direct Suppression,315.303686054933,343.337166757011,389.108845546235,341.661275084881,422.650431004463,356.709774367345,331.949168312748,336.115954703347
OML,310.787721384836,320.616098811089,378.535566045181,338.651222813683,397.952459704681,337.124103164209,322.619866590427,334.600208460972
GML,304.450138592101,156.202944623867,338.150490345615,355.177190666708,306.4405106672,174.022709057487,303.707191613505,329.327889124575
Competitive Suppression,356.753457236055,358.009411640808,302.680988465859,405.553874804126,314.696056321354,373.176771454791,315.7521950228,377.031792608941
Direct Suppression,350.842352565115,365.003150186415,428.239842539178,330.869653698158,455.056690928145,357.921290033042,364.019446504083,345.833123119674
Generalized Competitive Suppression,385.712479254222,276.648379328521,308.834238477693,433.232883294104,236.340552826384,297.96256400906,322.820597681388,408.00554931183
Generalized Direct Suppression,317.699165930384,204.840843808397,359.37343058883,349.889471926106,323.913664759731,167.854912998404,327.837037452846,343.398680409205
ROE Competitive Suppression,318.366518789135,325.761416388792,313.525006922198,363.979181702487,345.224430267068,341.538125893297,286.849586948741,339.700343933556
ROE Direct Suppression,314.492316425538,329.34050250969,410.44955770711,338.036813763048,427.187430116542,349.34228424305,339.803362305407,327.765369010545
OML,327.119256125458,333.665938813834,405.558571458694,358.794578838865,429.894472383386,350.907450496306,349.738646228035,348.074703282332
GML,320.034949426611,166.745728526092,328.763978129825,363.595473176166,297.320931497142,180.022076657304,308.869597367526,342.989941287598
Competitive Suppression,377.540713907365,401.835814681707,327.13514730499,412.532064866871,361.609431900731,418.625630983007,340.469185771216,398.509190376042
Direct Suppression,376.264728740487,398.530373251767,438.692732012589,356.24813116842,471.09269314425,373.542145694694,394.675920439289,370.715547075538
Generalized Competitive Suppression,400.148976602551,328.101568567454,331.025509583945,437.392072402942,274.261172453651,342.039188728451,344.710007535293,422.846174373429
Generalized Direct Suppression,322.272485816265,194.045341165694,333.835045718962,359.644652641742,286.731253651998,172.947494392775,299.23795954548,344.825726550565
ROE Competitive Suppression,328.972343601695,341.74333753505,319.743336394865,367.400000570859,343.767217234587,366.288057112661,283.567555048715,350.092614078097
ROE Direct Suppression,279.196755135691,302.413909438462,374.526622719278,291.01859667227,391.222099073617,316.574258428089,300.791617219179,293.184610000058
OML,294.678032045594,308.026317563535,359.302761310648,327.193085950933,388.521020998763,320.114787428993,306.502170711919,314.402411602639
GML,311.428917679267,133.836561867104,330.83108232197,361.390532224396,272.772166361448,150.21026189438,301.674244193625,337.092491431377
Competitive Suppression,387.012362706801,385.710846963492,317.789610568245,424.06129708266,336.006636386836,395.51991978656,336.683252664269,408.710971075545
Direct Suppression,371.840691142697,392.86878280155,444.082859001324,349.089670337303,474.385416509005,378.523055639561,391.644990196477,368.632218644694
Generalized Competitive Suppression,413.251959763815,305.19943659718,343.058606895808,452.26273354687,253.728139264815,318.723965128935,362.687464349291,437.976793751365
Generalized Direct Suppression,326.387304040835,204.752962706893,365.320356141284,360.513026091718,328.584135656914,166.520506710904,335.086640681694,337.481169369413
ROE Competitive Suppression,314.21532116546,311.414075542051,330.43945465278,359.20246050288,368.508949689813,331.799577891025,294.854165127222,340.469926199092
ROE Direct Suppression,293.334298106039,326.010579680738,361.204663862887,335.497761645654,399.757924907932,342.954732378433,308.252348444757,312.794833680884
OML,276.353584394854,313.184975573253,356.624893862615,318.846011501009,391.700496388373,336.36240093782,280.777735772434,300.719384337888
GML,318.410249161245,169.038144163945,331.061915304299,367.833228588781,285.992508833855,190.628981069418,300.99525906695,344.070939787049
Competitive Suppression,382.733190529318,385.902271825331,304.36677337042,422.542065099916,334.351951871107,403.31642539035,322.104754423067,399.433508046092
Direct Suppression,365.063050598796,392.86418019881,431.958641894181,350.184532978403,465.686373261905,377.356289217024,385.937594828741,366.728167267583
Generalized Competitive Suppression,396.947628481645,308.210148057121,343.49117551274,433.216491359698,278.541507499909,317.555580240273,355.5038197236,422.781742436797
Generalized Direct Suppression,317.173147171986,202.610202671776,353.890827313769,357.07041478413,315.687114474649,177.452064864452,321.682369215737,341.895275065624
ROE Competitive Suppression,322.496520055119,350.498553725752,315.261342576085,370.229963455521,351.936823287651,374.999762399633,283.939963861871,346.737644417629
ROE Direct Suppression,305.334556664255,328.413806794572,375.03472669587,333.817184761773,410.353214549019,334.356936345951,316.248580744223,321.746417345024
OML,279.055169284605,297.278569685326,385.495690172082,300.872854530137,413.692785423254,313.813862301489,303.902267107547,297.532784979604
GML,318.373566023056,160.937433024675,349.41195946837,359.794703571118,293.863245599869,177.814716266141,320.725820156788,339.087068717605
Competitive Suppression,382.043912158658,381.700177370097,301.143328098634,423.208980954393,326.312860962469,397.901568339781,314.389646087048,402.733002509395
Direct Suppression,340.803501065916,369.772332466226,421.928599262073,325.389610727751,454.733712763868,353.309344915015,363.167312388158,327.800814443671
Generalized Competitive Suppression,419.500161492428,331.615177939027,355.71100712045,455.994456256588,285.550940774417,347.111457647906,372.563747202341,445.158682038204
Generalized Direct Suppression,298.420141393679,180.319894633023,338.377317291149,340.305011839303,308.149600196491,152.890032769889,296.634568555616,316.195724514976
ROE Competitive Suppression,300.013320810211,326.855170071007,321.136282639459,349.193892173016,364.040493266699,343.672024860176,280.430783676678,318.181275949185
ROE Direct Suppression,300.5565410984,328.44910817117,379.369284557198,329.285058248603,407.067650700903,338.699674772707,318.458446837767,312.436982682769
OML,292.001070785375,322.753110111695,382.037057677721,324.900013861552,424.157359041932,332.401787011425,313.953320445539,315.021590852483
GML,330.37107647339,162.260786223337,345.653246026011,376.361986419372,273.330586618665,191.648046499316,325.334934167111,355.395813087421
Competitive Suppression,398.286737027114,397.627652854665,337.795503230918,437.894981614343,350.16781164567,415.899402240937,355.794654427422,424.187892199836
Direct Suppression,319.475801576231,308.345701261094,424.852780101482,316.967497626274,440.297644897819,315.715192413993,342.601501671043,325.039128517229
Generalized Competitive Suppression,405.439750167188,330.959365390408,336.416847466895,438.527931535241,272.132351585212,339.997394103067,347.094873060837,430.411047976335
Generalized Direct Suppression,330.9092390408,201.905141210977,354.246520682466,365.720595517687,310.309190193938,168.291220092657,332.632058873224,353.35001608609
ROE Competitive Suppression,313.538879550512,317.905628203104,318.350508524002,353.801671120571,344.932868967175,336.577888599485,278.16655222321,333.261163186538
ROE Direct Suppression,324.79882577054,343.65455057944,394.250494303633,349.486712044688,417.018621822257,355.047359733627,346.780534702326,336.512305599621
OML,308.305390626986,337.764840169528,386.028205834976,338.662280733558,414.00877674114,358.064444621838,328.463682628464,333.026825667668
GML,303.831490060886,142.482591033704,350.291963724993,352.259973823685,299.671028609103,148.326375970834,307.204528096897,330.222255650314
Competitive Suppression,354.945554031303,369.438083431113,310.958056768854,396.496597001875,332.158820496599,380.212146949401,313.853348844912,379.043322744688
Direct Suppression,357.004358376392,364.242262626036,449.002700762021,337.093977473507,468.381865247828,356.419655895959,383.655563145501,359.328619801984
Generalized Competitive Suppression,397.365208794674,320.356916755326,313.895839003943,433.534810950047,240.124787613907,333.225297029575,328.06887918699,420.210345468894
Generalized Direct Suppression,317.586544560319,186.206043989266,332.940849468938,351.861390402263,288.594849466093,164.502096289995,306.931502222341,336.965805006697
ROE Competitive Suppression,325.677380380967,348.314086197582,341.49846773519,363.768789515588,380.273634882507,368.320296674993,295.554408353187,341.631832425341
ROE Direct Suppression,295.780014798708,318.946350092334,372.684159769852,338.721863078408,401.202567259273,346.079306780866,310.973230034174,318.043290985674
OML,310.334182829245,324.422621574431,360.09429685916,348.320904822341,381.455573289391,344.55470722372,315.933324756718,332.883687043402
GML,314.57893040081,156.323390033376,339.746131629321,351.647295635009,292.40281806056,150.080987863472,308.35504080577,335.705187678068
Competitive Suppression,398.549557868718,413.746092134799,336.933535170193,433.361713408181,345.96783408701,429.494801790124,352.691510087503,421.627599835612
Direct Suppression,323.281629027716,328.681006492543,410.281030401371,307.67196905942,434.483095570426,321.531582544171,342.899023327406,319.682882362089
Generalized Competitive Suppression,383.846380281815,288.439119041308,303.134899876178,422.981980891723,269.618044013609,303.464945955348,317.845007083596,408.093719752133
Generalized Direct Suppression,314.726757891987,195.59601122675,348.857196895702,346.588049475707,312.583993809691,154.714669838325,321.793122016583,326.39399379167
ROE Competitive Suppression,286.571835581428,301.052358630103,315.628587516002,328.961711512378,342.940803850014,317.007961521938,257.934225830443,305.623696865633
ROE Direct Suppression,325.049971152209,342.388170392369,401.989261284092,353.3829725428,418.562286870253,352.772265307437,346.889908208996,342.017506872398
OML,321.499397414357,336.898286397991,398.706651731622,339.763783752085,429.661832245585,349.339738796363,343.544499992219,343.458848153023
GML,305.365561274483,143.934333389736,324.10499758148,356.41699952731,270.139687037542,185.447674578688,293.239752221741,331.693911885609
Competitive Suppression,392.535801910578,403.361990961386,338.190379327446,427.713568294537,350.797652552891,424.474454808836,354.946424312063,416.047258977314
Direct Suppression,364.43143425605,387.602721902728,437.370137684927,348.847891307728,461.097893245297,373.149993866078,383.116190402546,364.229959420627
Generalized Competitive Suppression,405.566967698837,299.718168125427,347.208366491457,441.647755805909,262.310049569844,315.239414487113,359.611406937728,429.837586996131
Generalized Direct Suppression,315.906961947258,164.948869644912,325.332158681971,358.132881370094,272.573669539698,150.238758304395,304.2309747792,342.021237300868
ROE Competitive Suppression,284.07681690133,313.848745108247,324.083043575872,328.806184590853,356.136430047151,326.727034057645,268.175448809774,307.494131598661
ROE Direct Suppression,336.932504356098,357.943806147297,399.911665123888,360.33565956367,415.72810016347,369.080280929801,358.582947393163,352.810656366002
OML,300.932785917725,328.551843156764,371.332808881989,321.635005292204,400.87306399133,334.329622416949,318.049742952687,318.746836482475
GML,308.418745524194,166.185473082398,339.310796084495,359.135866038522,299.668201261045,186.158516199252,310.316266503292,333.833833237974
Competitive Suppression,373.503669307499,389.496638058471,298.360858008118,422.368889938847,325.117775817075,415.721290670886,307.926864886179,398.170950401937
Direct Suppression,359.855974480433,383.777248939206,429.971806266229,353.457595155068,448.835565201899,382.90224604365,383.806466214927,359.447066788394
Generalized Competitive Suppression,400.795145560506,313.012630968181,343.044249602577,435.765454199053,281.42481852346,324.027834882414,357.785743046614,423.049426197864
Generalized Direct Suppression,306.375551317174,182.219936318765,342.378465787358,348.484562819499,295.620623894221,157.882585028227,305.150440341648,329.284336636024
ROE Competitive Suppression,330.644409232316,346.087535818653,320.831381745997,365.081027853707,342.159439231616,362.297448340796,293.208148924085,349.935534306976
ROE Direct Suppression,317.457382256809,339.26111014971,392.894692593448,333.47978675509,414.214927533811,336.886725830902,341.126363959926,330.006888545475
OML,272.375068470788,304.753185596014,394.505734654453,300.38184189688,421.541280084061,325.411638880598,297.505325424729,292.953333071167
GML,311.424273856336,155.134141603074,328.523819281844,359.156992606916,293.667777426108,175.422898807532,302.153338841419,330.811274019006
Competitive Suppression,364.274438787631,367.274083058016,312.272599751222,417.836840217757,350.167250716636,391.758674004107,301.281498806361,386.111101590451
Direct Suppression,348.982449625231,364.163085927551,436.58589964893,333.65743025272,457.260747910086,359.623928326372,375.151283977815,351.930059113341
Generalized Competitive Suppression,381.704235919066,298.24136201675,303.505100365619,422.250088212552,232.300998173896,313.982967922284,325.846965698322,405.240106854557
Generalized Direct Suppression,315.669484919487,189.37570086144,342.780666109501,354.625121593025,308.387235865033,158.145582702952,312.067966552298,335.198385043851
ROE Competitive Suppression,316.844150747316,350.499082576807,342.28200067614,361.21758122813,374.324947307632,376.984685129041,304.250290350027,343.082111569373
ROE Direct Suppression,317.065740059623,328.448024515428,365.126516712892,360.302271724915,396.68638634027,347.411962194246,328.13788452438,339.109401783878
OML,307.994709217271,338.653258228401,398.802371459717,326.594178241212,437.239593419562,344.962328620673,330.719745230554,330.372653183316
GML,312.465166199201,173.646932864161,330.620506542607,360.863339175389,291.354437412263,185.016441098501,297.778522460862,339.076487341282
Competitive Suppression,357.230568011497,350.774194204796,312.302993901821,399.280230105664,305.933884524651,367.634470859899,325.721958915375,377.511301807639
Direct Suppression,371.315332128029,394.88345369745,430.628919031706,355.001454942861,464.209600397983,383.73751679199,388.421706465038,373.075793522957
Generalized Competitive Suppression,402.383998307492,296.971922891063,339.547491606244,438.290026661697,248.040377088559,311.071185603851,342.003586347807,423.329508238239
Generalized Direct Suppression,308.94058561006,200.782164222121,345.009035283794,347.855457666959,322.235535129376,170.928992219644,312.242941018087,334.377047863323
ROE Competitive Suppression,314.573903088276,306.093534414021,307.718333036097,352.896754862321,322.802736078607,322.564443131078,280.240037123566,335.566933990159
ROE Direct Suppression,299.191364694972,312.587446691708,365.15089049421,342.96874757869,401.122575845307,322.227187846526,306.925729889521,314.793985715783
OML,305.288797980062,324.13528466834,367.696844542901,337.015757277946,395.132146407996,328.409441859564,318.533687358648,329.778664670439
GML,304.319605891296,164.863699967097,322.29974822143,360.687499449488,293.168151219179,198.93641965271,297.553617017212,328.465206967024
Competitive Suppression,383.513616493158,391.43400335904,327.204255080834,418.808874917849,351.947555516937,403.807979829712,347.959269206281,407.494926951701
Direct Suppression,353.78506301088,368.878861664223,432.977668996222,340.056704449012,458.359733084911,349.489624776187,374.667852518856,359.679441814489
Generalized Competitive Suppression,401.265995356879,310.502841730157,345.545227892598,440.060092339536,273.348519647638,326.819944084051,348.032255119553,426.420254771388
Generalized Direct Suppression,315.652282687748,166.809071120061,347.448272826997,353.917688629851,292.450217431464,137.311936930898,315.764340231465,341.438187604324
ROE Competitive Suppression,298.802375671814,326.083327977749,313.733236200897,341.321641503236,339.436551729182,348.982842821413,264.281164086521,323.914749302341
ROE Direct Suppression,312.845011300791,335.341136074223,397.85616968217,343.371229009649,432.754233624408,340.413183266088,333.760894832005,325.626118687401
OML,295.371168029279,325.633249354829,395.697087005128,334.51064453711,428.667522155061,345.827184903685,316.421936642612,309.678819945351
GML,300.981345263226,148.974984376299,337.715754603997,348.871589548581,302.615901151284,160.250252979774,305.857869408067,327.544811744192
Competitive Suppression,355.608787217159,383.27930783374,311.878989810956,406.004567888082,324.529224370575,410.70594200358,324.554372973042,379.495134595554
Direct Suppression,348.531478734286,373.893792160552,429.123022021091,335.749374546661,461.104245933734,358.208846299455,368.817552531244,350.025537517864
Generalized Competitive Suppression,386.627445468116,269.944587399813,319.678572101262,429.950701237499,229.214943855374,290.22619144747,342.462010763303,409.858517155699
Generalized Direct Suppression,309.918664640023,168.832750596068,344.373354958831,349.64621718839,314.895479363246,155.983914119709,312.155035969768,333.984955964415
ROE Competitive Suppression,326.454234372023,339.971169729645,325.547924065081,369.494466547708,335.327890215489,364.91460692393,301.618705905729,348.316865266001
ROE Direct Suppression,330.427257953115,351.035167612594,377.280041600818,362.468200062273,409.923796194871,364.214577659581,338.745942033194,351.993800761522
OML,303.33048009874,335.158895509167,356.411068234104,343.726246180317,387.384260190096,352.262371591334,311.153032071206,318.271311789817
GML,303.722347975415,173.022393755784,317.392035069876,357.357861657421,259.65217903273,198.31354959338,288.184581900505,327.901138157071
Competitive Suppression,393.501211408638,379.089045511323,306.007683092624,433.592009050873,324.88851066879,393.806200173796,326.947620855998,415.844242418977
Direct Suppression,371.04976919665,409.420988017829,425.701425655374,360.201679464355,463.913456775621,401.261071176317,385.610308479654,376.85626759787
Generalized Competitive Suppression,398.939783236728,304.146358292897,333.218381285265,432.232428722076,276.187941426574,309.106960817102,342.233678010667,421.462855704628
Generalized Direct Suppression,289.454764534036,171.127001245777,335.665270673049,332.883500502233,311.592378214209,153.303143532849,294.415062928943,313.269700929
ROE Competitive Suppression,288.820741406088,304.046218312499,305.832970167578,337.461117857923,341.287718054436,327.776895745187,251.33276781988,312.417249581465
ROE Direct Suppression,292.844829460236,306.099259932376,370.174378180944,323.415224420075,386.793457095461,330.021514214445,313.373034753772,309.250573331106
OML,283.043136222556,294.14115502089,377.325337146255,319.326391976386,401.112035394665,305.306723537348,307.091715533891,304.61707938575
GML,312.406924637802,175.078856014605,346.542419866829,359.188560064208,307.457949987668,182.873552853775,312.78522147244,336.801938131416
Competitive Suppression,373.613088382777,374.594264991795,298.664233679392,414.984012134634,325.310372944868,392.145226890851,307.367918197893,398.624090177121
Direct Suppression,356.601315227414,380.957529746138,424.6483328649,349.343364225706,457.52638528321,374.725241820051,374.346424528339,367.707406414168
Generalized Competitive Suppression,416.944076514477,320.138442267006,354.696127240894,449.427398030369,278.30361376797,328.388237165863,373.179442492238,442.319568536637
Generalized Direct Suppression,314.055540981369,194.601611077132,354.856109593968,353.447931801594,312.24007763418,171.332595489825,322.101305899439,339.896451593973
ROE Competitive Suppression,310.530834083629,348.80526863639,341.626707281451,355.030854549665,371.626082339533,365.705324900638,284.682614276579,333.007198450971
ROE Direct Suppression,346.429628094163,369.636664736805,393.59894401291,365.79104440756,417.81615638866,377.943882519474,356.397659236306,360.094517373728
OML,303.534017968941,320.038242700351,374.55855271655,338.100256018116,413.665535959768,329.873559262033,317.418155778008,323.113839211387
GML,310.370820825532,180.963672274182,334.889382631506,360.892942619548,299.178835790886,185.640157442149,297.876052300461,335.144483167706
Competitive Suppression,387.162971688742,394.021020724799,288.661632085662,427.500503527588,311.160784766393,410.922274174094,301.566302016667,409.03813017652
Direct Suppression,369.911528913999,399.553215651336,430.479894701234,362.845717860812,457.924625659249,397.580744856326,390.112416002764,379.978834650014
Generalized Competitive Suppression,384.213810643357,318.97007795487,314.472208578328,421.256845859619,244.641126359052,329.132608356048,325.411285664655,408.989954973739
Generalized Direct Suppression,322.275218989673,164.119709211161,335.392715414061,359.027097649536,287.255141317455,131.70075233739,316.014343582001,343.306775867179
ROE Competitive Suppression,298.26156449224,307.836960437141,317.192283438448,353.014401989619,341.837711444805,329.635906545142,266.042376399592,322.900092942854
ROE Direct Suppression,282.631109865986,309.844443298908,374.13707482474,313.815100628719,403.453231977159,320.87716456095,297.457562941414,292.594459703645
OML,251.322776453552,278.051406291622,342.927228464207,294.715271546775,377.041856903935,276.666884253188,265.117874174738,267.345253404139
GML,297.059752388814,145.540562212205,326.241363069762,349.718976855585,279.572687561532,177.151412481542,291.367781524386,323.365082061478
Competitive Suppression,388.397056162973,400.086527260322,329.025900393939,422.899320333249,357.634694235265,415.314808415821,322.433496685172,411.602057923434
Direct Suppression,326.501658218798,347.869932877739,421.8211678034,320.64132296122,451.49031292304,339.107647019103,350.441564655119,333.068247609593
Generalized Competitive Suppression,405.752768092201,330.059393645486,340.026227203667,447.824524053119,255.406822550276,347.028152696538,357.648470020885,431.112178388806
Generalized Direct Suppression,309.615110627159,179.993261504327,341.977147419221,347.394954395544,311.294998953335,141.654411941323,313.669519134478,330.952834713238
ROE Competitive Suppression,301.301683787104,303.162717132209,306.922959294434,343.940176808733,329.240351071233,316.155361546853,277.635286629028,320.069133591557
ROE Direct Suppression,288.976881162389,314.834772946628,390.499435259642,324.668856519103,418.421549036564,345.073219107024,313.395706496193,307.411746753415
OML,286.86850160864,290.767510856249,380.149503758084,332.711918171016,397.138813344939,329.507926989207,307.712160832035,311.671277066856
GML,303.983526890923,162.782004332732,323.072128027425,351.742873510801,284.285569537824,190.681143578081,297.365887930009,329.269572560904
Competitive Suppression,383.119120048135,396.8426267982,318.30100792459,424.468135703719,329.662536621928,419.703170900775,339.887896640647,406.312460500631
Direct Suppression,335.241094377066,353.9568505438,436.052984362294,315.983706793713,465.688532016045,339.939090622205,361.432930253285,330.307475397703
Generalized Competitive Suppression,410.951726187085,328.728834150367,330.24235411362,449.918301692114,267.902817881639,341.345398330616,345.105105490826,435.432824310179
Generalized Direct Suppression,315.25722179829,207.93688859648,360.122249219149,343.424599970814,327.915019727604,174.338932697607,327.436668335976,338.869790866921
ROE Competitive Suppression,331.835323939194,352.903754259008,335.279697367922,360.682931267856,368.52333988982,364.187058527057,292.304238434978,349.198399911142
ROE Direct Suppression,302.776986172153,336.488381450885,371.833836085024,334.68499630177,414.000448693358,351.907703861255,309.636838629628,316.116065532121
OML,299.549236504663,317.145717785769,386.364866132206,322.830062469829,418.746660809682,327.148709901801,320.496044616314,310.553797496922
GML,310.682402980684,181.025918907585,315.156609277663,367.839782414371,270.820586920299,211.62020667183,289.060814228919,337.279817627469
Competitive Suppression,403.139292792469,401.932917634735,344.411304307639,438.262318827902,354.678993746834,422.135888229094,352.816880735423,427.485199263707
Direct Suppression,345.375048996975,365.768552756821,443.207787395669,328.372506422592,479.588163471316,346.060629101067,368.212482017985,331.63120168512
Generalized Competitive Suppression,404.29738500026,312.169874010529,342.896778995123,442.842269622737,257.323948191216,327.873574536054,359.386730111225,429.745675848641
Generalized Direct Suppression,311.763285590172,178.958838955983,354.11845823668,352.15524208363,326.063473378164,160.728835373192,317.758859908976,336.446897441359
ROE Competitive Suppression,309.003594031193,329.635053942558,311.900016640032,353.793238537125,342.334143716109,350.803915400881,281.697171285211,333.795666018577
ROE Direct Suppression,293.739397694117,330.067803451239,364.365787120994,331.187835867641,404.953413893613,343.613736982227,311.205024508102,305.661334432391
OML,280.174769642338,290.620947158195,384.174718361698,313.690210966875,408.792995326217,317.095816273238,301.331051495344,302.288399497165
GML,306.849502947799,181.209650702196,333.569942749172,360.620718525694,297.462963276539,208.018088627418,303.397577547561,331.792607390845
Competitive Suppression,382.386041440036,389.231279875386,305.227015200508,422.972379713177,329.745154302079,404.477165824817,317.419854158157,406.137491208311
Direct Suppression,376.800972622731,393.551481516774,438.702716491361,362.836426449319,462.496753676259,388.430830259319,398.974271522315,377.889144488023
Generalized Competitive Suppression,396.673870251778,278.594373451464,334.169114743448,433.456900804735,236.589386733439,283.03047698933,343.85342769202,421.874978630403
Generalized Direct Suppression,332.758603546295,184.400829540301,347.280281609851,372.084281115452,308.56459681692,143.517555631474,330.294109907472,358.034237389731
ROE Competitive Suppression,294.853733663697,310.808189708856,320.681255145297,340.413036109385,350.726217407124,331.455368898856,278.357954441995,317.711514526136
ROE Direct Suppression,310.338803097493,329.869553164898,401.245114458698,327.554952580466,429.294589559147,326.784942982157,330.189823025722,321.713140398711
OML,290.897936256381,301.491190605657,376.347543928526,325.54818667741,396.409066195915,317.792414307249,302.826699457163,316.172340741256
GML,329.432523093326,154.972275761016,351.505049159474,363.535620432394,292.084073189268,166.556316123859,328.295784634354,349.748280878142
Competitive Suppression,354.760377558905,349.984735133425,302.667899910097,405.541224687359,314.825332941472,377.093323478822,313.629670219739,379.825209018197
Direct Suppression,373.624738470785,399.649154351217,454.931353136853,367.410868143148,493.554608986589,399.376463589621,394.777962691124,384.333890553663
Generalized Competitive Suppression,381.40944441646,310.511472016884,318.475228751017,420.578438877138,244.620070020755,322.907682767759,336.800902840406,404.027993831207
Generalized Direct Suppression,310.120331797283,190.028949099761,347.047956577464,350.476279163076,292.691326354765,168.772142634206,309.130989264458,335.331247618165
ROE Competitive Suppression,317.276378703256,334.989561601091,312.779866302688,360.378375435978,341.971694997791,349.538580369714,266.799307623334,338.587233587582
ROE Direct Suppression,307.326432600372,331.968678301274,387.893576302884,332.889578368458,418.378759528763,337.375922717549,330.663090570373,326.810424870375
OML,291.862676017157,327.581460418459,392.345698352081,325.320346150456,434.318826219329,346.529494944584,311.797104080657,313.521290324449
GML,311.454271495295,180.12861295444,344.654912456361,360.879127100887,301.581179883893,190.942429865511,306.024233848089,332.725448169204
Competitive Suppression,375.035068971305,394.93428890544,302.509179571575,414.649765065398,338.288093175153,409.163755532677,320.164797580001,398.534847298794
Direct Suppression,345.97691569968,361.58668717105,434.092578913177,336.761972228675,442.298283902056,359.658494465062,371.282930838816,348.951003348897
Generalized Competitive Suppression,400.445106453543,321.483164664676,342.99600860568,438.837165551497,272.931962405505,336.076231935786,360.56960250374,423.652773064431
Generalized Direct Suppression,327.429739974268,212.703940522403,363.490378568259,360.978003837123,324.910117910417,186.029444021541,334.244421253082,347.855747833736
ROE Competitive Suppression,282.141574782824,304.364069450715,300.40886209079,343.281927113928,322.375424517283,335.43798021081,242.709518833875,305.039771809372
ROE Direct Suppression,300.12607787309,315.32816345853,379.544054842785,325.688211236987,404.524453860224,318.940823064149,318.281102144886,320.096379358017
OML,264.616097975244,284.593996956348,373.453900803936,299.890624543748,397.659640879268,293.379701687836,288.55261622473,284.524110469909
GML,318.750739437081,196.819096708635,334.537754331902,366.181681685544,286.142354613792,214.173310377739,304.208839801654,344.893482777284
Competitive Suppression,372.870522912122,377.645010837687,287.03986832573,420.544791224929,311.223486281405,399.638127610545,303.906327822564,394.144432532832
Direct Suppression,335.445984810889,355.202426639294,420.105299808778,330.186801411534,447.613626803396,348.368035463581,340.944633245896,346.697310065831
Generalized Competitive Suppression,401.470173450854,318.778896286279,345.055351596682,437.71043958717,269.610406479404,330.470257849174,366.118081706299,426.659489554192
Generalized Direct Suppression,336.805805151033,209.063810527108,367.092033140647,367.251654023459,320.247066841,186.880531685072,342.898408170967,360.794426330356
ROE Competitive Suppression,287.320555524328,310.381905115959,323.627792237769,333.577125111534,346.5048143961,331.495159728874,269.783407000991,312.957810735164
ROE Direct Suppression,333.337804449716,341.237149186018,395.006191253194,363.367251086191,419.963102024269,356.099537247813,353.830955234534,348.892533180729
OML,276.540153899453,301.059040180878,373.866951702171,308.45204277041,409.19632105747,306.156071536824,299.522247958766,297.32745401135
GML,310.089294378787,176.01353768765,335.645044667525,361.05297996467,296.610427578941,198.763081485735,302.686074748664,336.34289809675
Competitive Suppression,354.423777182324,357.883352504962,288.322798394688,394.3106051187,323.963704195955,371.978527374918,301.754526355588,377.412594722199
Direct Suppression,359.628853492352,373.207743401774,449.743186167825,345.18141810602,480.574098204614,367.435288648794,384.353026500505,353.781671682674
Generalized Competitive Suppression,386.772499914067,296.038607867609,317.860319788366,427.149573897071,254.244579656591,304.945519665222,336.590100900957,411.936082470148
Generalized Direct Suppression,323.697794656869,181.052223585705,355.744267084204,362.15766742493,315.838333233607,144.482539313458,327.166617446244,347.576542566277
ROE Competitive Suppression,303.366745694819,308.709903832129,312.851478597915,338.886000700686,332.766323769433,314.039423875244,277.887297951617,316.54280083058
ROE Direct Suppression,293.333986453553,312.73313358573,396.194140550003,311.788963679492,426.639546541783,310.391005435236,318.960765962577,311.191522824762
OML,285.098187290139,313.601770581363,366.972088977841,305.730088267772,402.024285203129,323.045232581809,297.941905628045,303.988777324981
GML,315.47389470288,163.87372561898,346.947077544249,361.468753074899,299.019505340645,192.010836505569,307.170607682944,340.028006642286
Competitive Suppression,383.856240187169,394.672191270379,317.996159194536,426.176691254954,352.972395888323,414.817481382958,329.266917707873,404.76110887568
Direct Suppression,368.774120117817,383.150010543917,446.821156897438,349.749663614212,478.162412734819,368.43843175235,392.827562834395,358.945748544869
Generalized Competitive Suppression,395.210457236317,307.036920370703,343.76975265447,436.306532685937,249.387108615142,324.645408917527,359.363094810757,419.938451637074
Generalized Direct Suppression,313.838666309795,163.27567095504,339.245935508708,354.521935790672,292.708601994574,146.553456730144,308.84361897702,337.112595534071
ROE Competitive Suppression,310.973329798181,319.191169369935,325.145953219557,352.539694196085,335.859091590369,356.336630813331,273.595391608545,332.349041895627
ROE Direct Suppression,316.191887888542,330.776299487921,401.803716012591,343.626654197732,427.551914107333,347.094790929961,337.699614989727,329.670014853988
OML,297.429669573694,309.666699017516,372.582781221211,333.331249222942,393.218493399716,333.323965433523,313.495656971694,317.972810307503
GML,305.236550691083,182.53714124144,331.877999414691,360.164601973934,294.228506339223,200.140887613299,299.728436085213,331.606590388137
Competitive Suppression,393.70247570571,386.717866971751,320.652978942455,436.718227817784,353.08740025304,405.216792654823,332.211277014314,419.348399389225
Direct Suppression,372.355312340918,380.029047479805,440.885356432411,357.369738603448,469.686362853348,368.99665358163,386.852019465746,373.666534770487
Generalized Competitive Suppression,399.008407171273,316.558878311311,323.246833903286,439.69672221845,248.239133345984,329.648213185139,339.574534878755,423.606609275209
Generalized Direct Suppression,325.727157038491,202.629654389038,350.751460793085,365.042263486981,311.983658923828,186.049106744704,327.349519496826,343.794234341785
ROE Competitive Suppression,324.536170684226,353.021351657459,351.345804326829,368.98316568607,383.841713961724,372.971335880097,299.529831835074,344.398243013179
ROE Direct Suppression,318.321234521298,355.808765419852,371.220615972619,349.680332996793,402.112063979714,374.032018377145,334.710857130838,329.196596741543
OML,275.866760228663,286.401120661492,354.057715549846,325.107841491361,387.995279649193,304.290337313636,288.732476625683,300.65067073467
GML,298.528952399152,136.497545667544,329.791775368318,352.64034848345,279.91216432491,153.578154963105,288.365711593935,323.895360099789
Competitive Suppression,364.974002661177,372.427659151003,297.892293846837,414.064164674605,327.234357999449,395.584348798577,317.688867222687,384.77320844972
Direct Suppression,362.905011344047,373.661163659067,437.600630943301,341.189833593728,462.593780219277,351.122954792652,385.629162009095,361.453859542038
Generalized Competitive Suppression,416.63405482466,306.653718818813,341.091395690197,454.629396370147,237.160478638543,318.174930997921,352.029939321978,442.005409327733
Generalized Direct Suppression,324.467908566136,214.875334209487,357.703772221027,367.313541289416,328.694490705519,190.179617153552,324.183503426924,344.948342398908
ROE Competitive Suppression,308.400004272416,306.912270610099,308.369196077205,350.893083606694,329.572544274317,326.49806166227,271.291114803392,327.350356703763
ROE Direct Suppression,306.476545821633,331.382409915559,393.788967990626,331.235905649673,419.932264935741,349.365763761734,328.478762949065,324.008624566226
OML,322.923618264538,337.115527059976,396.100261734179,362.934910624611,434.695806831989,349.50870703459,338.243076949788,348.145601577716
GML,317.652961033085,202.245491594227,335.893409528368,360.044203923971,304.418154287686,212.888815737852,309.666793309,341.836903600511
Competitive Suppression,381.046306244329,384.41907291986,332.854724942966,412.9982374992,356.18955212724,392.521644082933,349.828870793606,405.632175086727
Direct Suppression,366.088323754741,382.993290064505,442.079099531491,344.824573186303,467.747123611169,369.287633103852,389.935272982786,363.774275096601
Generalized Competitive Suppression,394.357104213493,299.015903481423,340.028061224895,433.511713393341,278.339780970716,310.721202088365,353.066165046558,419.219628102161
Generalized Direct Suppression,308.665898143064,183.728382516336,349.294753931747,355.130896218784,303.845655666847,173.166049916207,311.311725953016,333.415741947979
ROE Competitive Suppression,311.481511626748,334.136922229693,304.543359493938,356.695208887757,333.260557048714,356.785672765452,259.685984919355,334.340904571814
ROE Direct Suppression,291.162820890503,312.997844150463,353.368180613443,317.63928759653,386.100617656948,315.791658686231,304.955025340666,301.012641882739
OML,303.255384086025,325.255313816876,377.265515859876,336.353361495854,398.942787331287,337.477115710313,324.382483131459,327.878874900954
GML,336.720499605644,181.586708770216,339.497091323678,372.160850974574,282.078298444284,178.177446103231,326.432455207763,357.274602597483
Competitive Suppression,363.349959988613,355.611302163121,278.176348969866,407.377291841521,305.694826127148,370.462286932375,293.969226166431,382.353562307225
Direct Suppression,347.351772193057,348.819682067006,425.155215399691,341.011057718683,446.027570995502,331.833870742695,371.656109208659,346.092659700314
Generalized Competitive Suppression,416.673592621275,312.11238374373,343.02032465709,452.697161891394,262.827024427852,324.306334021862,358.496225301148,441.098188035752
Generalized Direct Suppression,306.684462174715,170.973951801732,349.255824062897,341.45272115577,305.945481949918,140.030913331475,305.415958799387,330.811345327652
ROE Competitive Suppression,291.512119324834,314.891674339798,318.964401830084,342.67375938416,357.532749812616,337.885031169531,262.00982795947,312.474415839039
ROE Direct Suppression,315.929577139458,336.174840201946,382.807866069607,335.400300285602,419.357957982749,341.804559503131,322.340806501592,322.884433477327
OML,276.422706583281,298.727668029228,377.318362404444,306.994681993402,395.996057591953,315.855023838159,300.67461819381,288.034092973948
GML,298.687436862839,152.455110117356,338.3872330653,359.675736410312,297.748653706461,193.407435041483,295.681248999309,324.821373193496
Competitive Suppression,381.029269562076,393.403176816827,319.819072225579,422.016576896385,318.811886847792,411.632051416507,333.48050881109,401.509102806555
Direct Suppression,349.874927532346,366.705579941903,441.651442455517,331.042738462188,472.458420834912,348.683819489609,371.925044642751,346.651391156107
Generalized Competitive Suppression,377.343509766914,278.449715576816,339.170281099524,412.416512329084,249.464008055611,292.03985943798,346.944334187276,400.638264677242
Generalized Direct Suppression,316.99136997078,196.384561369148,355.691413223011,349.974117578468,314.81857837677,158.860868514885,324.289773517465,338.676707695625
ROE Competitive Suppression,298.783560514294,286.074387215445,328.398153053994,343.075534002652,336.724386936518,317.271476019832,275.807057566065,325.169721147773
ROE Direct Suppression,314.365380229766,332.287469280304,401.086227747921,349.529310819035,442.512666100059,348.180726946876,338.139117796229,334.461019208049
OML,290.030824191143,307.272417496234,372.686170841721,312.071433949482,396.548353750746,324.697628848346,301.002487434992,308.600980410996
GML,299.082944099877,141.686606203006,343.023811813196,342.963837680117,291.186390790262,155.623765487847,304.4164567368,321.415312804582
Competitive Suppression,379.039020518301,386.278766938113,325.558836935055,414.32552464278,340.592851706981,403.05739778624,343.486672916526,401.562963783159
Direct Suppression,374.517063099052,391.923779366796,462.536245537438,344.828325437615,492.266622199511,373.979679664404,400.545276261176,360.786721623973
Generalized Competitive Suppression,411.064830300709,295.035889253936,332.605365362784,448.118111140211,230.429602032751,313.232196962084,352.871617398339,433.502030722483
Generalized Direct Suppression,325.150255225425,179.357701511688,354.582967642339,361.920462515927,306.005110559166,144.359293826233,323.563387587333,350.512955071715
ROE Competitive Suppression,286.710874357802,301.228577747146,305.801460786228,338.951436804022,346.076469644774,327.721560300898,247.091970588985,310.966169282222
ROE Direct Suppression,287.659922965117,318.621680214547,397.124272984387,279.223263261965,434.957109031287,303.402516212521,311.636720758141,274.506840343891
OML,312.609072554562,328.822041268884,373.82157821638,335.983570183256,397.280637304846,335.876874689813,326.91570319008,328.435325860621
GML,289.881438471457,164.094424831461,329.034487313716,344.039679182618,288.056220931628,191.456124473808,285.329701417621,316.224569582285
Competitive Suppression,333.702490319801,356.377483177011,292.44048652773,382.21407844806,305.028678579146,379.677419600962,290.417890221537,357.244017293494
Direct Suppression,343.366325146614,373.830295513508,418.178592143328,333.284681783543,447.879683528542,364.776608168853,355.968269883084,342.241485268846
Generalized Competitive Suppression,404.81690949706,290.636412441794,341.208102327918,439.370143960909,258.354780325409,293.228333703833,359.075724786256,427.609697392262
Generalized Direct Suppression,324.498572916261,168.39618635639,350.846280284098,359.358161178809,292.655058122039,125.081913633105,321.425018977754,347.590331932236
ROE Competitive Suppression,295.220390085884,314.30804429986,318.717617325935,338.52560764498,349.873252185429,341.337668946559,270.58916732009,320.67087234139
ROE Direct Suppression,303.385126643995,331.892420908113,395.534439690833,323.864599807649,427.786906245256,343.179074685102,325.877561151255,322.253104801193
OML,293.56491377279,309.435014156072,379.649117337056,341.130029384962,407.763540033525,326.082318269268,313.527807758308,317.76357426139
GML,315.860166274247,164.366670378178,331.937617727576,369.666016995004,272.833197847477,190.103796662627,307.298334546487,341.779587143287
Competitive Suppression,366.003419002181,375.478647638293,298.693202972028,407.076841430389,327.981313803957,392.883943701655,307.85183562985,390.131499488482
Direct Suppression,352.160944536432,374.326151413698,438.54177281659,332.970178670668,467.393691441078,363.997434022221,376.114097072894,342.204824131152
Generalized Competitive Suppression,398.836465657977,308.236865812743,341.010455229202,434.516884087252,248.786795006463,316.931254894601,359.540800025072,419.9873025992
Generalized Direct Suppression,332.675452609132,210.502958186779,353.080302337563,367.955841084579,316.671279953507,175.476915639786,340.272659707204,350.930472896218
ROE Competitive Suppression,304.77115011303,329.111220797543,340.895501354524,333.491663407878,373.791491806442,339.356206723042,295.51479017944,322.751081667666
ROE Direct Suppression,301.950251264574,316.202738701676,390.804684969161,318.366392949699,423.118149799274,325.627871983074,320.984723902297,316.009651399753
OML,300.850876860635,335.419803001962,382.314363873467,329.508815779417,420.621970036958,354.226642378463,320.930371663763,323.266881400302
GML,314.03697894139,183.041992950223,329.854750092074,361.86540277389,272.808367827197,206.143335058371,303.698236344305,338.669784023404
Competitive Suppression,392.205552438346,397.999862420023,331.048012851929,426.585475315014,361.690172660238,411.002396653401,336.635275169114,413.788993546878
Direct Suppression,347.723202260518,377.501456602225,442.991273938104,324.756834049267,478.940253034162,354.953804971253,373.440013626994,326.952265495577
Generalized Competitive Suppression,364.714824197398,281.947717131952,319.233084353858,401.587259563414,257.084376626505,287.066984250481,334.377261512684,387.286954501633
Generalized Direct Suppression,309.72549541036,210.421490485853,354.350586793653,348.34927524125,328.708476011295,187.68144417687,319.26173579865,333.334672048259
ROE Competitive Suppression,302.738489287936,309.372621926581,322.235883545696,344.711616289285,358.644089693951,328.577720672093,259.47936088179,323.106846491813
ROE Direct Suppression,285.039788639553,302.964811152325,354.728794314382,329.765563780295,379.532911886439,320.944197071734,303.551841764491,307.994695823404
OML,300.136193224467,325.114819280029,390.289306262778,334.229361282381,416.900209539707,335.662569117302,321.868871142708,322.197170268986
GML,310.294537769582,151.67244223283,322.45117963119,364.244270128329,283.747186698654,180.074200438453,297.19542182922,334.982997038588
Competitive Suppression,353.387969539435,355.592100318963,302.747851616218,404.598441531114,308.781896567505,383.609243913019,314.069355952598,377.855101413505
Direct Suppression,352.24588326152,353.459778019387,426.683180951473,343.294478689733,438.806342472237,364.856881778964,375.730182229834,362.118124128837
Generalized Competitive Suppression,404.379711639505,309.728317849367,333.004532670578,438.257683190492,236.388773322952,318.887267786799,342.793250686294,426.096511081204
Generalized Direct Suppression,323.42804182565,219.629890535381,353.914564508007,362.981067636532,327.770873236986,196.754191744386,327.738553026779,348.224479363411
ROE Competitive Suppression,295.947266521519,311.68291673969,338.825475148049,345.58688750313,372.020594630883,341.161050693353,285.21487215615,320.508923186092
ROE Direct Suppression,277.227345866749,312.179364739892,371.20845217116,311.14180541752,398.268224589891,328.605003702648,295.654831497923,291.857040387661
OML,296.818589337051,330.560973202826,380.167760180947,318.538169906701,403.952258878823,334.877972278914,322.277248377451,316.15349333504
GML,302.540421995492,160.426164232704,338.135395947888,359.33629022855,271.613082012826,186.258274846355,285.238586053696,328.686720677343
Competitive Suppression,373.393612594159,372.533701427177,287.781793911472,411.157837178905,314.109614394908,386.414525178914,302.165456385936,393.096443812414
Direct Suppression,387.2995146398,420.189652577008,458.01091278249,371.421226080983,490.507958946861,415.775034279483,408.197516723314,392.054204653049
Generalized Competitive Suppression,384.294155453464,299.667621597395,333.755500607969,424.307192590515,237.051161422042,318.498905113097,338.42490094062,409.247795440627
Generalized Direct Suppression,335.783296168901,180.86698650561,351.888920599134,369.409563292912,298.624252750103,163.376519651704,332.703231568412,358.797326858824
ROE Competitive Suppression,297.904005184823,320.636328625651,320.887210519767,340.686224427849,353.678509243691,338.22696554134,262.253987620902,314.506529058042
ROE Direct Suppression,314.351081738493,336.842092753953,387.615743294159,338.981552818261,406.067955743419,352.430385627647,332.25251100689,326.234758435064
OML,316.244636748893,328.804702269985,391.851975907286,342.355577245535,425.699077952956,347.343852794574,336.974437590009,324.728934687041
GML,322.349508207416,171.20084382189,338.915991674322,368.544981561314,292.24632522004,176.953092249002,319.135875830469,347.145116119529
Competitive Suppression,371.664796566302,379.814346683318,298.989687134651,420.547338225824,328.912879088342,403.817534831417,321.509370355888,391.716671300758
Direct Suppression,363.193340702487,396.054227462997,422.900352974413,350.67230207007,447.265837225876,383.688274790797,383.943971364995,362.236928672279
Generalized Competitive Suppression,386.786842658256,281.51883587971,350.927082963607,418.311122737731,281.857439518344,282.930497680854,362.754539290769,404.583430542692
Generalized Direct Suppression,329.770707421044,195.552996357477,353.669243786662,367.134261953114,307.325029127217,177.352070411695,324.142649501588,354.11101031599
ROE Competitive Suppression,274.408871673034,292.678248843352,315.614674269867,323.531380129511,354.273907004347,304.331347353264,272.188736259225,295.698021817247
ROE Direct Suppression,311.480229114966,347.090630925852,395.211975968975,338.146070462112,429.55101880416,346.199411763299,337.301288095636,324.96190979361
OML,311.18770028049,325.964597394764,382.653121049912,343.48509322993,404.988014610008,356.321830044947,330.304444910014,335.119395046401
GML,313.605197642484,184.322818663182,334.735986433403,367.328679173012,287.259776057152,202.678505054052,311.148200409108,339.951966010778
Competitive Suppression,382.965103209713,404.264057061634,324.657117498128,423.79940930346,340.562702923808,427.4000120441,340.904338985448,407.352264308641
Direct Suppression,365.275108102571,385.599978400148,434.441128948149,354.273528284437,460.243886362226,387.250553552643,386.469726282975,370.667099397404
Generalized Competitive Suppression,389.789322490916,292.540604128292,301.907755286016,434.857906652344,226.769812182298,311.057214256149,315.177771750244,415.169363047684
Generalized Direct Suppression,318.604394012358,200.727678847197,356.401857248292,348.657678517073,318.855921708449,181.972498209018,324.975130946489,341.52638984068
ROE Competitive Suppression,309.652243388973,325.189499243382,333.094854786832,356.275714629403,364.42538241085,342.993045376523,288.830177931818,334.604438448075
ROE Direct Suppression,301.141607516213,338.683249812382,375.769627227616,330.894091582879,413.490226690977,345.819599779753,323.958473086639,317.533076129572
OML,281.358302669135,301.487478318474,358.512574739689,312.390015975938,376.645023854727,315.583349726586,298.29167877486,301.733024504445
GML,301.839789879914,167.299485510709,318.925256709093,354.537489642905,284.839574235996,197.67121960507,292.241159750526,324.796800069614
Competitive Suppression,385.572962838851,393.42875639807,325.695085035983,429.160119443322,339.848950349582,413.979137720732,335.623610180596,407.334240270194
Direct Suppression,384.422847010584,414.308536237972,438.765076604574,367.366255774638,463.067734356824,405.280320565748,407.739726622436,368.409655098112
Generalized Competitive Suppression,377.542274708958,277.468783283107,328.70608859194,411.95325410898,245.606996854493,290.874677913877,344.426521059134,390.334234333884
Generalized Direct Suppression,302.794784276751,181.293444801259,343.319059133627,341.51309890354,307.320599471118,161.523960184779,304.520923836243,319.436370582551
ROE Competitive Suppression,323.602809765134,332.687489849319,342.201372699594,364.626735075589,368.820839083836,350.69144294827,307.528420706517,350.296597575077
ROE Direct Suppression,309.759206390604,324.757184951659,391.212760814087,333.453509557345,416.613919894763,337.517223987585,331.301570761417,333.672808604411
OML,295.712143106875,325.589792561339,381.483888902418,312.202118395676,418.67005141363,321.342387017397,306.751481833245,310.872352252901
GML,302.832348351086,168.937709859089,354.455253807818,346.63827203172,311.175983384008,182.322560366217,309.077750067228,329.25320511214
Competitive Suppression,355.126992164988,363.860776899017,306.575852214571,391.624562775503,320.47165519949,381.760813573024,319.871189505716,377.300273534141
Direct Suppression,370.061083252523,394.516580777791,457.378061011428,343.102809922657,492.13070356865,369.794393158029,394.991365239175,358.025236832615
Generalized Competitive Suppression,410.831811187401,301.690160071907,335.37454184544,448.228377030442,250.225983112774,316.046033113978,350.833472020842,435.182379636302
Generalized Direct Suppression,316.990599699242,184.884833431525,342.246945559893,353.429948751386,304.166850397615,144.257335964174,318.188289933989,335.475498186241
ROE Competitive Suppression,306.984285571656,336.071189379795,343.810357502724,348.233791965544,380.343587496107,355.546960631359,298.123283479411,316.188917221933
ROE Direct Suppression,343.374383006818,373.832844383215,412.76452359495,360.100451810293,443.306126215095,382.01709601555,365.52567915995,357.648050886967
OML,280.411706954053,287.852904395853,380.367304301623,325.441525262706,394.257566831558,313.951072923759,303.084752748318,304.935716689203
GML,302.71528883441,141.982900779702,334.747335094508,353.289833989204,286.688819719308,177.135106880761,300.266991031574,329.257546147157
Competitive Suppression,344.136797195262,355.781098340709,290.190895377759,399.047850231056,309.809899758266,385.620193623464,284.164975366114,367.43697388742
Direct Suppression,359.130119669452,376.53385540773,433.72143788418,347.00991652265,463.847749869041,364.654749226289,380.979769505368,357.768571298914
Generalized Competitive Suppression,396.655661804583,321.542996824675,330.829455570157,429.062660940034,261.43234162737,333.633702908757,343.577758324884,420.691355203893
Generalized Direct Suppression,318.443470579363,172.357543178344,344.60321223031,360.47002374932,295.184846749237,163.673775290225,315.417689926648,342.726882919764
ROE Competitive Suppression,298.513774129717,318.738034362009,315.315396075138,345.984620723731,347.501209625003,338.742663790415,263.71196566674,322.843880252373
ROE Direct Suppression,317.295907969066,341.848475241723,405.643954762733,349.999204649092,438.702311352814,358.630708561549,339.889826911815,335.403595267823
OML,318.716216115411,346.057616086588,398.685358008225,344.138001450165,433.037293683223,362.696912791548,337.728886535768,340.070911950137
GML,289.708497419575,142.025526893156,327.805749642157,343.863837850737,287.322276020416,158.964710923517,285.425556911845,311.007919572192
Competitive Suppression,382.093967682445,390.353278567442,313.93624541796,410.823173573279,329.137449384923,401.075220513705,331.391393803656,402.332837319925
Direct Suppression,371.587140741303,387.949179894517,431.141432961832,362.246113183737,443.017966687882,377.732890687496,390.841275728301,378.65112003651
Generalized Competitive Suppression,406.472521328911,304.104562265723,329.361485858459,440.426660539817,253.406464436045,312.300687279013,348.027690816959,426.934417437201
Generalized Direct Suppression,333.848853639178,207.67261966492,374.368972200373,365.258205259944,332.16222331943,175.955868981192,340.680194288455,355.547427846811
ROE Competitive Suppression,315.294018858821,306.601523121176,334.368486112694,367.850663299542,349.984820026464,335.362782011165,278.102089587685,330.889882574662
ROE Direct Suppression,320.417320058083,326.616427022715,404.340276845626,323.534902179347,414.417934038303,335.160745011761,343.692488051069,330.569797144535
OML,286.644849973189,311.859730922819,356.929836030505,323.083781181565,388.749092749428,330.064798781716,296.388399642212,302.54990804568
GML,296.985070461162,170.135249865864,330.698669203629,344.37956132991,291.307071607721,182.487594962387,293.042264401231,321.560259459382
Competitive Suppression,384.992722324377,408.916780781437,326.012943710525,423.610236290561,362.869711304175,417.710106320311,337.826997663719,403.373537399871
Direct Suppression,360.088195663011,386.576842219786,429.070515366998,359.696734104447,463.141286899351,377.69854505974,384.435758717005,369.216889879225
Generalized Competitive Suppression,391.852870507428,313.661511452775,315.588465940639,430.721391486912,257.278441447781,326.634341986295,331.293698361684,413.2925422871
Generalized Direct Suppression,314.720818260936,162.819044031553,327.403281901336,359.223130804734,278.325528069074,150.472078902823,296.328615115673,337.915303004353
ROE Competitive Suppression,301.6779546602,320.019413110991,329.816312902032,342.417452009288,357.728600446537,339.420248691273,271.882582926798,322.949765659668
ROE Direct Suppression,304.237179635263,335.606833401621,384.698497833365,326.058143112109,422.737445566738,340.715939037099,329.29049658931,323.576930329844
OML,296.07868641404,330.54145031463,395.197850977404,317.2994085461,424.163474212938,330.621876929172,318.839959810549,307.666063437619
GML,294.574351854447,179.155785826827,317.358736227494,353.904916790421,264.381637249778,212.064858516982,275.888184349883,316.608018867705
Competitive Suppression,357.437090330789,349.894975374821,283.641666494742,403.225460045997,298.759645623533,361.503395858443,296.204568037381,382.06421956306
Direct Suppression,385.737325047067,391.687714862382,454.679812611426,368.982439192968,477.774904362463,383.911105301454,407.620649602765,382.255950583779
Generalized Competitive Suppression,377.082410099437,289.396517390893,333.662490448449,414.984923007775,273.456812787433,309.682316527496,350.908285284241,401.954588672658
Generalized Direct Suppression,308.421149332796,163.110172240045,343.838640841983,351.620657013843,300.734921444416,141.834584878249,315.409909690823,334.049898706604
ROE Competitive Suppression,301.767731415219,312.492710754284,320.586985165592,335.546504584388,337.243068736476,331.222326822609,288.31151861676,325.530707900447
ROE Direct Suppression,305.190114862132,328.101927570079,383.571928907164,330.509572711279,420.759660579898,327.369664779462,322.862820297922,326.270625994355
OML,299.839342114892,329.396765989441,370.860329974492,328.117006646977,403.6380246264,338.636267889133,311.068640169275,315.595041527345
GML,324.767033692095,181.787691926913,350.799928629966,367.034043972884,298.520188214007,196.763222927828,323.530758277599,349.729950892994
Competitive Suppression,390.236358079362,408.543719007335,323.020322218057,426.225677013204,355.599686690136,421.525534963217,337.671228876101,409.025467207749
Direct Suppression,322.346469689474,336.262603506215,410.133522958257,311.355318627294,438.56673308735,332.260256851049,345.993968177581,320.909849900619
Generalized Competitive Suppression,410.719765467986,331.227134599307,344.699251467445,444.267105572754,286.457159915651,334.292986412928,366.093039662629,434.581713935497
Generalized Direct Suppression,320.138552550476,183.094695544201,338.527742177688,358.922791058812,301.119715883597,126.23856580097,318.361244028551,340.832584002204
ROE Competitive Suppression,292.075236598029,276.941043969212,320.927923811327,337.149099990856,334.568571319952,307.067871781491,265.986093169258,304.564181413133
ROE Direct Suppression,336.104726067435,343.456665025077,408.611143802803,348.292159170597,431.425372696912,343.883817042842,352.822993157024,346.690333040287
OML,310.49706159107,329.794633331538,399.005263078972,334.55504632335,433.194094435093,341.773107477857,336.018792645847,328.408126929702
GML,296.747255014004,95.5311169671186,316.662097801939,346.715407286587,255.989922226902,132.850175343535,284.844002026891,321.404052433108
Competitive Suppression,398.545128551797,411.242182587779,346.128708878675,433.935719291561,365.951413993796,424.952449951758,364.115019583502,423.724986757882
Direct Suppression,329.365118344701,357.676178348268,429.366301058429,315.543252302231,463.396483211547,331.756082660697,355.700124114021,336.040488507843
Generalized Competitive Suppression,382.630586462354,276.941411471903,318.527577889921,423.46670327904,214.833952254409,295.248887888387,330.248127959326,405.789388883977
Generalized Direct Suppression,304.753778335483,163.473156336303,328.265489237234,356.342066019879,288.260736970536,172.708546110684,297.767856365856,329.19598200308
ROE Competitive Suppression,327.779463670263,339.955584716201,329.939760403368,369.431402595348,350.465466764237,357.454041363059,306.810219211203,350.709071044945
ROE Direct Suppression,283.240155301241,319.057447677071,374.414636156852,325.856126353195,405.843127808808,339.560048844242,302.455308212444,307.120363224641
OML,298.440403780643,329.644814797679,391.802024152396,322.387303756981,423.062290435494,335.868140748294,319.983957245731,313.526817930677
GML,315.093722094676,166.648451019844,350.155576448835,359.603778599487,286.549476023149,184.182386803361,312.489450519027,340.993789821227
Competitive Suppression,385.86424748068,388.727683057708,316.748567297144,424.150515369541,339.718443106135,404.152110856013,332.035337888201,407.863192620259
Direct Suppression,374.998553544804,393.619094456006,444.930598524742,345.560002777393,472.854574165394,380.62484560501,397.720900803212,353.425946714087
Generalized Competitive Suppression,393.750002406875,327.909982128472,311.540453351181,433.1882196208,242.215222852437,346.860718414211,327.253809105448,419.297160403961
Generalized Direct Suppression,302.912496171468,153.532328007506,331.985808220964,348.998440731049,283.442741563349,138.174275034596,298.529073586184,323.510857021188
ROE Competitive Suppression,304.698049082881,325.39214237134,313.252561910487,350.167171905882,339.851106013868,346.917954089163,265.754349242631,325.158818808956
ROE Direct Suppression,327.209604374995,358.050413341523,395.92609123035,342.192577579888,423.53366242718,360.851232297095,340.275654497331,327.041227745788
OML,293.463469729483,325.321634461439,372.819925261901,320.402754230539,405.638844586342,340.32253538204,316.293871575177,312.517250032697
GML,308.572396125443,166.841404975754,337.475048773506,351.057740864462,287.930976062787,184.716878246255,296.234624076964,334.617926077497
Competitive Suppression,373.400698417921,378.205051836796,304.997613457802,416.797161183772,326.006773032054,394.02549776057,306.9013588947,396.115921446958
Direct Suppression,342.542669113885,351.83293991696,431.347137009952,321.921854825319,445.132375025261,334.142010472329,363.029128743321,339.509229463885
Generalized Competitive Suppression,380.786174198828,278.107657061346,309.72845756688,425.305015141386,234.054724193891,293.911771144495,328.093436023847,405.792218153463
Generalized Direct Suppression,298.394145857879,199.243211904596,357.69291843866,340.124608465695,321.545231426156,180.39558940573,310.088736847587,323.320712353055
ROE Competitive Suppression,292.556282623207,297.846898174963,322.736985677545,342.783940696102,319.259454177913,329.178372068089,274.184023007658,309.848301088896
ROE Direct Suppression,312.144462425613,336.923976393899,383.143939919551,340.058522623801,421.948316426517,346.58915772462,330.6882618606,324.460920041552
OML,307.517051061465,334.996071348578,371.153022415305,333.935315125662,388.514663196108,350.954429312506,318.807891246811,322.426862591135
GML,294.163232800492,179.279518916315,338.145680296725,344.071455274653,312.460479183864,194.256389825422,298.144236651287,316.528939888172
Competitive Suppression,382.093185243166,387.4090235777,325.315711736295,420.640641613766,335.813141634733,406.902629620096,337.434995127941,406.866636105417
Direct Suppression,387.123479779836,405.846510467554,458.482349241677,365.36430468025,484.989932462722,392.172396958926,410.516708228007,373.866327985638
Generalized Competitive Suppression,400.040383225504,345.906160761058,344.150279797627,436.15567682597,294.285109837344,356.250914891863,356.837453503968,423.519058984427
Generalized Direct Suppression,323.59547558811,165.372539987391,358.948632382461,363.469912757026,289.14580999731,147.320694894854,328.157711558157,347.652124684361
ROE Competitive Suppression,305.011237379459,305.553931261026,314.5078637753,345.564852059742,349.619772521003,322.72316141674,271.83372740121,322.096228043662
ROE Direct Suppression,328.793526423364,360.179949247668,392.266066962351,358.055729156348,423.432639285665,363.089441608463,350.11839673666,344.516771048153
OML,288.475689968184,288.214021605822,386.249999849175,313.623678021115,401.255183176787,306.514476932589,307.839823147033,296.683396812518
GML,313.794463183481,177.994897305456,332.663978064382,361.791621332085,275.951511705013,194.428780621098,303.318401593622,338.752474555515
Competitive Suppression,366.129252353927,373.563901691607,286.230716160894,408.475596471944,301.59196543267,396.184998098373,306.634895449206,388.52393443931
Direct Suppression,329.049571493105,341.204998412286,409.458357887774,302.28901895907,431.242717537842,325.96773106859,344.310998511676,320.231711999818
Generalized Competitive Suppression,384.167577495815,313.599839587293,312.985268154014,424.340594924561,252.467105517486,328.984489922926,318.755656437826,406.720959261425
Generalized Direct Suppression,306.292495496929,212.829612453879,355.042379766997,340.930584603056,330.735153098824,178.590849447227,313.535589507523,330.257064353572
ROE Competitive Suppression,282.172032371111,295.649342918474,308.189123483897,337.162540311777,341.998766148581,313.936237882978,258.634472757025,306.50878367001
ROE Direct Suppression,315.116038306726,341.254745957212,355.612256905473,354.301683707475,371.408787485779,363.148769409139,323.019983937637,337.911387626382
OML,321.443533828925,349.958328329914,407.167207503178,328.79354122749,435.639088018518,345.978289479407,346.367683285401,326.902463284561
GML,310.724241989037,177.033382246632,336.482049435611,358.033049404704,297.88547714718,183.955408169029,302.578568852776,336.93707218274
Competitive Suppression,379.792986685744,391.597802586618,325.166863433001,414.531646127958,330.56847522848,408.80143345114,330.567947561831,399.069531315266
Direct Suppression,373.229476395968,404.932727955955,457.130774561596,353.792703712836,493.408836480438,391.711664165555,400.087763337171,367.19029774707
Generalized Competitive Suppression,399.721189606387,285.93759296271,335.379423931783,436.606575255743,232.043492289759,296.900913494501,352.812410602506,419.636996309585
Generalized Direct Suppression,313.550991779755,164.240715195692,345.5813209079,353.18636551597,309.372734249465,127.116104581,314.482237009729,338.958646734604
ROE Competitive Suppression,292.633614548428,317.336800792128,321.90073661756,347.143801580048,344.57861039302,338.169795563499,271.860031209788,318.17094479433
ROE Direct Suppression,307.383337583449,319.316994275694,379.185665638783,330.748630726632,405.335301763568,328.244070068186,314.927494631636,317.053063051616
OML,292.595961886104,310.265303855281,348.146427071687,323.655528290821,371.363746839171,332.286071912544,286.887960344275,303.002935599765
GML,313.236149063175,161.085734721994,328.190252439941,366.504153765048,278.59286504777,196.70323936747,302.104568916661,338.806941593039
Competitive Suppression,392.000088945334,408.085237073488,320.932156444985,427.734988984881,334.344418462044,432.233928060439,339.526197787527,414.993147437891
Direct Suppression,361.782017008677,391.525657438944,424.218554882498,347.532196041475,455.93339244357,378.132807469313,376.926596234068,365.641000168988
Generalized Competitive Suppression,409.028844935146,346.21250905737,328.365157609019,443.862220521505,273.899868535375,358.656298347644,337.596621699937,433.123699840024
Generalized Direct Suppression,300.559050651005,179.332006849556,341.124278367139,343.717657680624,297.559239233548,153.535324110097,303.157757971122,323.917345375702
ROE Competitive Suppression,314.307158704972,330.24687533874,304.610509495394,356.041609229576,320.202536332043,351.294006308638,266.264090115308,335.810033383247
ROE Direct Suppression,308.363527981919,339.07177843909,388.665843886767,332.950754130846,420.168685700039,347.72887468813,324.14552266896,329.708962654089
OML,308.958605220866,330.934521614154,403.97773361054,323.865989117605,428.119953709045,333.801068825311,335.833022659782,328.994288552673
GML,317.835022349134,164.210970706849,331.330112323165,365.766958292308,275.626786313417,186.078401564308,307.434642817094,342.853679628993
Competitive Suppression,336.081565603489,348.244477862,275.959002871567,389.101137960458,297.752951800844,378.423006969786,289.401113888384,358.749045148797
Direct Suppression,391.52652395393,392.142130803061,446.638690098281,383.617819858632,463.912297438415,384.776932597667,414.668328239731,404.464522383927
Generalized Competitive Suppression,414.367953039443,316.29499715167,349.602991965716,450.09528325332,260.552758597482,330.268771268194,369.757497125559,439.670647659058
Generalized Direct Suppression,305.662714244036,169.0126057836,343.614198666956,348.699592578447,295.200383830757,160.014920903255,299.822840073877,330.213863847294
ROE Competitive Suppression,294.439574929142,317.06517346703,312.981659661532,334.926814972271,354.543243511196,328.736601183813,265.365158907073,312.96564963661
ROE Direct Suppression,314.076602051751,340.602643410318,384.837459112643,330.349381341045,409.93015212196,346.788580776811,331.800501906005,323.688309989393
OML,296.203994088778,306.681619701706,376.393096969471,323.418192839097,399.449758848862,330.669474439556,318.497318079071,301.568896336933
GML,333.297306654972,196.519239424754,343.510266384346,380.37727610191,306.541898456239,203.545768454992,319.956842130912,358.173096280868
Competitive Suppression,399.918903173511,416.362614756203,321.268201576413,434.230490034873,349.369212311332,427.968622755326,329.360170592437,422.855006529447
Direct Suppression,361.460529247489,385.411856615063,433.352801250993,360.385194061787,459.049874921965,385.002778072558,382.077799922446,373.085629957133
Generalized Competitive Suppression,396.242942276489,305.588028207636,322.148325788328,433.015443983791,266.935291192887,321.583249409773,338.459747997064,422.135045332211
Generalized Direct Suppression,317.611705150538,176.929369515201,359.948780168855,355.986010251322,311.706899520923,154.616282732594,322.226307322763,340.485900320142
ROE Competitive Suppression,269.07469342829,292.35410273312,301.780471545912,321.264923460149,332.913246830365,315.838292990548,251.825253784314,291.2383461639
ROE Direct Suppression,281.993542213271,305.200392393364,373.252929855655,310.958193147495,404.409364577598,314.651165799207,302.561054816575,300.066638047418
