originator,OML.ols,OML.sp,GML.ols,GML.sp,Competitive Suppression.ols,Competitive Suppression.sp,Direct Suppression.ols,Direct Suppression.sp,Generalized Competitive Suppression.ols,Generalized Competitive Suppression.sp,Generalized Direct Suppression.ols,Generalized Direct Suppression.sp,ROE Competitive Suppression.ols,ROE Competitive Suppression.sp,ROE Direct Suppression.ols,ROE Direct Suppression.sp
ROE Direct Suppression,-178.6322678,-168.6712107,-239.8682107,-172.0596188,-218.0536482,-209.4144058,-191.3941392,-183.1794379,-272.5434583,-209.6428794,-243.569597,-182.4294623,-180.4505432,-169.8723881,-295.6301442,-170.3939717
ROE Direct Suppression,-167.3105136,-153.4389555,-206.6517723,-157.6106086,-207.7508744,-198.6226698,-176.3250296,-165.1298041,-243.2145713,-198.2245849,-194.6735017,-162.3436475,-210.6662073,-155.7594588,-268.8253325,-156.809929
ROE Direct Suppression,-188.7514683,-153.1720598,-237.3740216,-155.4223157,-210.5957718,-200.0169186,-178.529098,-167.0213919,-235.795515,-199.6996905,-211.121375,-163.7272183,-181.9361022,-153.3386766,-177.0312133,-154.5530745
ROE Direct Suppression,-208.5404511,-162.6137751,-338.0491598,-163.5212014,-226.4496622,-203.3187432,-225.61023,-174.420574,-254.4426743,-203.9130296,-246.9178147,-169.339045,-219.4240858,-163.2340272,-214.6002363,-163.0934535
ROE Direct Suppression,-171.7408478,-168.3173194,-224.038885,-170.1390979,-232.1045019,-205.8393737,-181.5580076,-177.8577068,-279.8950107,-205.7115188,-272.2010983,-172.9078324,-200.9730306,-171.8958115,-269.4577767,-170.2951156
ROE Direct Suppression,-164.4935024,-154.9577441,-250.1425069,-159.1848116,-198.9586178,-186.1613922,-169.8683239,-165.0015508,-286.1993544,-185.8688623,-266.413911,-165.155814,-179.4776163,-156.0124706,-441.6369778,-155.7872878
ROE Direct Suppression,-182.3384746,-162.4032473,-226.1174132,-162.8160384,-210.0751484,-196.9331698,-187.8328756,-177.049745,-237.7454581,-197.7770793,-220.1738491,-170.5688634,-191.9326667,-162.4058002,-250.9885789,-163.9416131
ROE Direct Suppression,-156.634792,-147.7712776,-206.5139503,-146.9608956,-193.3758404,-190.2028168,-181.093787,-169.8578262,-238.6283429,-188.1890136,-216.7771893,-164.273203,-166.9551134,-148.4805321,-227.0150909,-148.2694543
ROE Direct Suppression,-138.9936021,-138.9647125,-197.4653379,-143.2333699,-215.1521559,-188.9789687,-166.592597,-166.1383557,-337.5204945,-187.152577,-254.5661089,-160.8664504,-164.3866621,-147.6188047,-158.1498892,-139.3859912
ROE Direct Suppression,-162.2548835,-155.4529132,-200.460862,-148.5314716,-214.443475,-209.7597648,-173.3286999,-165.8979957,-266.9042578,-206.1275567,-240.8221053,-165.548012,-164.6563313,-155.4421812,-249.0491035,-155.5738486
ROE Direct Suppression,-157.2466953,-152.12414,-248.0910757,-152.5430256,-199.7032501,-197.388751,-166.0550821,-163.5959671,-259.5192581,-198.2071254,-329.0141153,-156.9656404,-156.3111682,-151.1131422,-169.9917101,-148.7275418
ROE Direct Suppression,-152.6023268,-149.5394668,-188.7999595,-154.6072438,-233.2795897,-204.6266208,-171.2571929,-163.811362,-276.956109,-202.9209526,-209.8803206,-161.7853914,-162.0385031,-149.7905366,-157.8452011,-150.5083072
ROE Direct Suppression,-163.9935603,-159.7027209,-265.8616502,-165.2192411,-201.1095449,-191.3826831,-186.3997108,-182.9785223,-275.124629,-193.3150334,-266.7160588,-178.528221,-182.8236131,-163.9252821,-200.7144188,-160.6442377
ROE Direct Suppression,-166.4622282,-163.4487068,-209.2578323,-167.3982589,-196.1834691,-193.4812971,-177.0847245,-175.4730016,-241.3334937,-197.7143606,-216.4881106,-172.5990629,-166.1576256,-162.4956227,-233.8421642,-163.7430618
ROE Direct Suppression,-164.7634473,-160.7743566,-194.7614343,-163.8978766,-212.7244028,-199.6274068,-174.8268179,-174.7665777,-250.0757045,-199.2213981,-200.5194422,-173.3868324,-170.4175716,-161.37579,-174.4271227,-161.8436681
ROE Direct Suppression,-169.878157,-156.2298473,-216.3247885,-156.4711418,-225.5399066,-200.0869001,-182.8275349,-172.3918799,-272.1338983,-197.3687111,-206.5371047,-168.5193096,-187.0787919,-157.3198815,-298.4968013,-157.3130376
ROE Direct Suppression,-184.428579,-172.4652792,-222.1447426,-170.2494341,-225.3816495,-208.6340726,-190.6563613,-179.8926706,-252.9497112,-208.5703516,-210.6068444,-174.1256968,-226.3937706,-173.6089783,-214.7369214,-172.3587105
ROE Direct Suppression,-146.0124334,-141.6062178,-189.000434,-146.2518723,-188.8519662,-182.1441014,-170.2054789,-163.8774861,-277.2489786,-187.7828599,-213.8364299,-161.4249391,-158.0889179,-141.6889458,-289.7958538,-142.3251522
ROE Direct Suppression,-197.1543243,-184.6674321,-266.3508022,-184.0472703,-267.2673456,-218.7929342,-196.7937571,-192.2370782,-305.2732528,-218.0358125,-270.6991143,-191.4402982,-228.11402,-184.9106389,-295.6757517,-186.006187
ROE Direct Suppression,-176.6724109,-163.1352509,-205.7108044,-163.2158178,-218.8478224,-210.3649915,-174.829828,-169.4855921,-257.1312079,-208.5552878,-225.5113457,-170.0080426,-205.762115,-163.2079342,-322.5275656,-164.2547408
ROE Direct Suppression,-187.4278671,-168.1988689,-219.1291381,-172.7257244,-234.4689087,-208.9287023,-197.8063831,-180.7221841,-265.0019176,-210.0318304,-204.9411914,-179.411351,-209.5788452,-168.2206163,-234.5832113,-168.9151623
ROE Direct Suppression,-190.5637318,-167.4575503,-233.7081737,-166.7768396,-221.3369436,-209.5548768,-198.3998844,-175.9010312,-300.9985552,-209.2425987,-207.7970797,-174.8439899,-198.7279348,-167.957824,-193.9780906,-169.1287158
ROE Direct Suppression,-154.8224966,-144.9577823,-225.219505,-149.9380414,-200.9179653,-196.9036057,-168.2140509,-161.1687549,-271.622124,-199.8399195,-233.3874945,-158.9907499,-157.7144797,-146.2397154,-272.4692096,-146.2725533
ROE Direct Suppression,-163.4789414,-159.0223072,-242.5142957,-163.6240142,-211.511629,-204.8118431,-178.746679,-172.8594178,-245.1469105,-205.1891985,-228.4087995,-168.9780463,-166.3859055,-158.9452523,-198.0421142,-163.7366743
ROE Direct Suppression,-175.2039135,-166.453871,-238.9852774,-170.5441108,-224.7856297,-211.4984856,-181.7643012,-174.933265,-315.8933491,-213.758634,-244.362952,-173.7989555,-180.6767982,-166.5958498,-326.4740514,-166.7656808
ROE Direct Suppression,-166.2533434,-157.7416826,-207.6540224,-159.5209087,-198.1488926,-191.8120783,-182.4376304,-177.9354693,-233.3171695,-193.0407397,-197.4313421,-175.2121909,-168.790016,-156.5424841,-167.9596733,-158.0133776
ROE Direct Suppression,-167.9673287,-163.3820585,-291.2161124,-164.2579309,-208.426682,-199.843113,-193.8663331,-182.098162,-305.2813286,-199.6630437,-321.4557575,-178.3486758,-202.8523708,-164.2916715,-167.7589315,-163.9129218
ROE Direct Suppression,-154.2252403,-150.3114778,-225.383467,-151.6827971,-203.8657145,-197.2049018,-184.774108,-174.9575008,-225.2489309,-199.3663524,-247.5103074,-173.6530007,-167.4012581,-149.3709315,-306.1697763,-150.8638483
ROE Direct Suppression,-178.9897548,-165.8214095,-194.3836719,-168.4537101,-257.3995756,-203.3952825,-202.9327433,-183.3127013,-528.3222769,-205.6095392,-226.7272794,-179.4428551,-206.3834476,-166.0125253,-263.3442703,-166.690684
ROE Direct Suppression,-182.4861324,-177.1239258,-259.4035297,-179.8364223,-223.2092678,-210.8627902,-196.7728431,-191.167356,-269.9574582,-210.3224061,-242.7801806,-190.8463819,-201.5341237,-178.7689645,-183.098494,-176.1665828
ROE Direct Suppression,-175.0589378,-172.6213169,-217.5699187,-180.0462767,-211.1177048,-205.1932555,-197.3624582,-190.7113044,-240.7563501,-209.5250161,-217.2248227,-188.2639293,-181.8461374,-173.3959694,-345.4424165,-172.777839
ROE Direct Suppression,-163.0292844,-160.9273208,-242.8568693,-169.677666,-215.9667309,-204.3147958,-181.1914686,-180.1345636,-307.7724495,-209.0292931,-256.5741562,-180.2592362,-172.5388598,-161.6994408,-181.3287759,-163.8929413
ROE Direct Suppression,-194.6494703,-167.2828896,-284.8683256,-168.3978112,-211.8477143,-206.1096246,-215.1101383,-183.3761506,-358.4561738,-207.5148712,-241.9741331,-178.5430732,-193.280283,-167.2776154,-246.9513154,-167.5617631
ROE Direct Suppression,-154.758087,-149.2851023,-226.9113016,-148.1291192,-184.7703312,-182.5648427,-179.5148406,-175.56607,-230.3326674,-184.1505166,-194.6658048,-166.0714133,-156.7849247,-148.0992556,-307.729838,-149.3017112
ROE Direct Suppression,-196.9509951,-173.3614303,-237.2456894,-174.3670359,-208.9434885,-200.9183979,-200.9750768,-182.7926846,-250.5911755,-201.6359205,-232.7957224,-177.4570903,-208.8795138,-174.2772683,-221.2311263,-173.979507
ROE Direct Suppression,-170.3179073,-162.1237326,-224.8451282,-162.4432887,-209.2447959,-196.944461,-185.7771401,-179.2253172,-232.391077,-196.2959488,-214.9329336,-167.9985454,-186.3518909,-163.1236378,-317.4066915,-162.1999419
ROE Direct Suppression,-163.8583997,-157.4438103,-200.2267306,-157.6858376,-225.1614567,-196.1903484,-199.7602184,-176.737423,-299.3358716,-196.5874809,-220.6932353,-165.4655172,-191.2125586,-158.3152935,-213.8088551,-158.3225409
ROE Direct Suppression,-176.9153022,-173.076284,-223.1619721,-176.9649761,-209.2751271,-207.97594,-193.0709973,-186.8480427,-240.2019876,-209.8881241,-214.6951788,-184.2094575,-176.3224257,-173.5626177,-211.2911685,-173.5529515
ROE Direct Suppression,-172.6342362,-161.759247,-197.6878152,-162.3571176,-215.0079861,-204.3859411,-181.6182896,-175.2223176,-235.7159449,-202.8404,-212.6314484,-174.0229429,-171.857427,-161.9054153,-229.1138106,-160.7538479
ROE Direct Suppression,-195.755793,-175.5908687,-226.9092409,-173.4183947,-239.9813641,-209.9980873,-204.7583288,-185.6933005,-259.7707755,-205.098568,-244.9875262,-184.1739932,-227.7298956,-175.9905266,-262.8478983,-175.262008
ROE Direct Suppression,-185.551449,-175.9041229,-295.3652633,-176.0041375,-214.5284346,-211.131184,-192.3371228,-188.6236431,-241.0396534,-212.0203245,-215.2341282,-181.0442615,-190.1290628,-176.1918243,-325.2920798,-178.3557579
ROE Direct Suppression,-176.0180518,-161.5726098,-217.8490249,-167.0801226,-222.2584836,-200.5745222,-191.4306135,-183.5548139,-268.6047351,-198.7931905,-238.4167735,-182.9392247,-203.5054215,-164.2424621,-387.7752966,-162.1067274
ROE Direct Suppression,-172.5963214,-162.2304004,-213.2430335,-162.99063,-209.1476938,-189.9158147,-182.4440014,-175.9501114,-245.2397806,-190.0853177,-213.3064798,-170.5439772,-196.304335,-160.5744034,-203.4704536,-162.7583192
ROE Direct Suppression,-174.1733352,-167.699961,-212.4017779,-173.2446353,-212.2322827,-207.8061842,-187.4117004,-184.6818116,-272.3147995,-208.8942119,-213.946015,-184.5420296,-178.8556993,-168.7032848,-208.4134803,-167.8783729
ROE Direct Suppression,-182.3326726,-162.0534496,-258.4199969,-162.8252517,-209.3851516,-205.1146072,-186.4206615,-167.7763612,-255.3174069,-206.4037362,-259.376485,-162.0809073,-183.0058661,-162.0364946,-241.8900637,-161.2926834
ROE Direct Suppression,-177.8366387,-165.1689142,-235.903588,-170.8128371,-224.1362504,-206.1478006,-179.2262454,-176.7668967,-269.2424185,-206.6864506,-209.3002506,-173.0864364,-183.105658,-166.7027131,-189.4877499,-163.5037729
ROE Direct Suppression,-191.4088175,-172.8452824,-250.5132363,-175.087487,-220.4344502,-208.7530798,-220.662663,-190.4284005,-243.4714777,-209.416758,-295.7331535,-188.4479907,-201.140448,-172.9730764,-443.8012921,-173.1986276
ROE Direct Suppression,-169.4303595,-169.4064144,-216.4581008,-175.6170367,-209.0845352,-203.7078719,-189.2932933,-186.9476394,-308.629115,-205.3100004,-245.4041423,-186.2466963,-176.1865522,-167.5375676,-285.0259633,-170.8313058
ROE Direct Suppression,-178.2028959,-168.5073758,-314.9461853,-174.0797946,-214.7521324,-211.8242393,-186.7225521,-182.0683175,-272.2030833,-214.3036411,-274.3170881,-183.364908,-178.4064673,-168.8553795,-178.5724219,-168.4463523
ROE Direct Suppression,-174.687996,-171.4652249,-343.642373,-177.2667019,-218.835087,-211.8577068,-191.5794712,-188.2775312,-264.7197888,-214.7559053,-237.7952433,-192.1815469,-192.2345231,-172.8876432,-250.3379299,-172.8418863
ROE Competitive Suppression,-168.9271219,-159.243806,-207.4434283,-158.8726658,-182.6145444,-175.7500723,-203.7950505,-180.0438036,-215.0466469,-177.4530768,-217.2241479,-169.7303002,-168.1574755,-152.4238393,-348.2451152,-160.123728
ROE Competitive Suppression,-154.4352874,-156.8657079,-200.2877663,-164.1823464,-182.8606513,-181.2872161,-185.9984831,-183.3790482,-216.197945,-186.8563039,-236.8144205,-176.6045182,-161.6399728,-155.6678197,-281.6965918,-156.9639911
ROE Competitive Suppression,-203.9082991,-179.6439651,-230.6137318,-170.9832119,-184.9879549,-180.8501158,-228.8057888,-204.8336133,-253.8198112,-184.9979847,-254.9052999,-184.3070624,-216.3191857,-171.9592758,-238.6975577,-179.6253728
ROE Competitive Suppression,-162.5596896,-159.064154,-208.4584483,-153.3088831,-167.7157487,-158.006497,-201.8926653,-187.1317528,-239.3993451,-162.4358922,-250.7154751,-167.8424544,-147.9398047,-140.5434613,-253.8784166,-159.0186599
ROE Competitive Suppression,-172.7572939,-156.9331774,-236.5259835,-155.8635924,-167.4652833,-165.7956389,-197.8562119,-181.85497,-227.6727538,-170.8094762,-274.643618,-171.2061474,-163.116832,-147.0207409,-171.4697732,-157.3035806
ROE Competitive Suppression,-197.0657022,-172.2162286,-216.7925155,-173.7688257,-195.9009581,-178.6083777,-219.9982132,-193.8363329,-227.7917316,-179.6748792,-238.2113568,-183.6180134,-206.0318311,-161.0267333,-296.9492564,-172.2427751
ROE Competitive Suppression,-194.6575488,-174.322889,-240.3264712,-170.5813881,-180.2481187,-174.8291653,-213.1434306,-197.5387751,-234.8744082,-176.6520619,-336.8367576,-185.6807121,-182.1842338,-162.5369834,-276.3408469,-174.3125303
ROE Competitive Suppression,-166.8587319,-158.1665821,-224.0834333,-155.2800969,-178.3114648,-174.8480583,-196.5926257,-183.4558976,-251.3451622,-177.9003118,-244.1971793,-167.5593823,-149.330552,-147.0206082,-249.6863536,-158.185501
ROE Competitive Suppression,-185.89096,-173.4613861,-233.4126092,-165.5391919,-177.114801,-169.6559828,-198.0223839,-189.8223948,-232.0275767,-173.4017874,-246.3623755,-172.128771,-160.9679695,-149.8659606,-529.563284,-173.4296652
ROE Competitive Suppression,-174.6082578,-160.7036508,-206.1979943,-159.1475612,-181.8537011,-174.3975377,-198.7805204,-181.9116683,-218.5749072,-177.860075,-232.0933027,-168.3711823,-151.9332579,-144.2738234,-390.953413,-160.8373019
ROE Competitive Suppression,-171.3302576,-163.4847041,-200.8493721,-158.3341993,-176.3132908,-169.7490022,-187.7912446,-183.65346,-204.7929456,-173.1729423,-206.7707757,-165.9500077,-152.0707122,-148.6160034,-461.051571,-163.6040332
ROE Competitive Suppression,-177.5155494,-168.4467586,-215.9108547,-168.759268,-185.2057468,-178.3051209,-193.6694031,-189.4471189,-236.5526718,-180.4751561,-231.1609634,-179.7002462,-172.0168108,-156.4389683,-180.8318174,-168.9653225
ROE Competitive Suppression,-213.6004808,-184.3088637,-270.4612255,-181.2083988,-190.1044733,-181.5075378,-243.5634268,-203.8686899,-245.3266375,-184.5303909,-288.2763988,-190.5085691,-193.5145653,-171.6612868,-272.3241371,-184.2688306
ROE Competitive Suppression,-171.7029652,-166.0563499,-222.8926966,-165.7993614,-187.524548,-180.0863904,-201.7071348,-193.4228765,-259.1211718,-186.0211388,-227.8728697,-179.3701291,-166.1468496,-153.2287838,-461.1815823,-166.2036354
ROE Competitive Suppression,-169.7222198,-163.3344202,-237.7961749,-164.6896609,-175.84674,-167.8759779,-203.9162589,-188.6474653,-202.7089143,-170.282058,-238.4283427,-176.4780365,-189.2587313,-149.3437878,-268.6505638,-165.063987
ROE Competitive Suppression,-175.4245822,-168.630886,-196.14617,-162.9466742,-190.6130613,-185.5169977,-192.4682616,-183.242067,-221.3172395,-183.6792755,-203.8639272,-166.891655,-170.1269351,-162.7735755,-192.1225089,-169.2556492
ROE Competitive Suppression,-223.3818178,-173.865661,-324.9398287,-174.0100281,-221.4650761,-186.9032199,-232.577134,-192.8936908,-340.7986943,-188.4413337,-308.4327983,-182.7055688,-205.2300555,-172.4046012,-350.4519725,-173.8054941
ROE Competitive Suppression,-169.4157699,-160.1980393,-226.8802199,-157.3687561,-184.1005837,-169.7920206,-188.1187726,-182.1999871,-247.186952,-171.8190102,-231.0966123,-168.3797307,-204.4125415,-149.6143991,-275.9723112,-160.1361415
ROE Competitive Suppression,-160.8912853,-152.4519664,-182.9459671,-150.1409647,-176.1240667,-169.5914503,-184.6349906,-172.8636552,-232.9132609,-172.6949922,-200.8575237,-161.1471403,-149.5112178,-139.3331998,-810.9094441,-152.6000146
ROE Competitive Suppression,-179.0543862,-171.5808209,-207.5469062,-169.145617,-192.4727504,-180.7026724,-204.5041514,-190.0498401,-240.7097107,-184.3899704,-215.4349168,-176.0155463,-171.6390732,-160.2245509,-209.6883458,-171.009615
ROE Competitive Suppression,-213.6871633,-172.6501439,-256.5084068,-172.9602015,-187.6767145,-183.7781398,-215.9320434,-194.7872143,-286.748001,-190.7967589,-253.7886215,-186.5567629,-227.0645129,-158.6292349,-258.8567513,-172.7488449
ROE Competitive Suppression,-175.4635624,-159.9856966,-220.0244142,-155.5117322,-184.7881588,-173.8609518,-190.4217758,-179.1121906,-212.801072,-177.8475048,-223.7834072,-162.6074351,-175.2830581,-149.2585299,-329.3380087,-159.9661236
ROE Competitive Suppression,-170.0422884,-155.9226341,-213.9873907,-152.8415434,-173.6863933,-167.3473322,-199.639056,-179.6799642,-222.6911011,-171.7083187,-230.5050889,-167.60684,-146.6340812,-139.7466661,-170.6244028,-156.0043059
ROE Competitive Suppression,-167.2393827,-156.4344927,-246.1622166,-156.442734,-168.5362834,-164.8777783,-207.1612172,-182.0704549,-317.2969414,-166.8665285,-248.3343206,-170.4945694,-153.2384498,-142.0576784,-205.2911044,-156.7099434
ROE Competitive Suppression,-165.6049666,-159.3799242,-240.8905036,-154.7241701,-187.6900539,-165.9831392,-186.9813343,-179.0231943,-255.4811485,-168.0747915,-196.4277377,-163.9718411,-165.8774256,-145.3074405,-392.4017284,-159.360769
ROE Competitive Suppression,-172.771379,-154.9088761,-216.8088249,-146.954277,-164.8880152,-157.8745302,-205.2930463,-180.9376734,-195.4550558,-162.4789179,-238.901389,-158.3498776,-155.977953,-136.5380583,-454.9678125,-154.900722
ROE Competitive Suppression,-190.6093161,-172.7196292,-225.427386,-172.6692412,-179.5844523,-174.6160024,-208.7768153,-192.1744868,-271.4964622,-182.5697803,-257.7404857,-181.4417858,-179.9471649,-162.0028573,-232.2547653,-172.7185346
ROE Competitive Suppression,-181.8723529,-162.6455543,-210.5315295,-158.1988615,-196.1413308,-176.7219559,-209.7558139,-191.7236897,-235.7927139,-179.5002683,-238.4263245,-174.8931769,-184.7857162,-152.5561524,-207.9290507,-162.6326207
ROE Competitive Suppression,-197.2101481,-176.1430944,-220.526779,-171.7582629,-203.1339288,-180.5631938,-196.8150272,-191.1764096,-228.4902943,-181.4359535,-221.5060377,-180.1042253,-197.9175624,-167.2833682,-394.6446693,-176.0939733
ROE Competitive Suppression,-196.3866065,-172.5097134,-241.3613269,-168.6891393,-174.735197,-166.9976436,-223.482761,-199.9457922,-246.0191764,-170.2383659,-252.3887689,-183.9017567,-155.4771278,-147.3844268,-202.8987389,-172.4944518
ROE Competitive Suppression,-183.7492994,-170.848212,-229.8801184,-171.398132,-187.1136791,-182.5424234,-199.9432442,-185.6209448,-232.5971418,-187.8547606,-247.035347,-179.5875226,-164.4520611,-157.9943567,-239.2447634,-170.5826059
ROE Competitive Suppression,-175.8871201,-166.6724853,-207.6177364,-165.9171765,-188.8185918,-171.1544999,-201.465623,-190.4576608,-229.5536807,-171.2477829,-230.3705094,-182.2671107,-182.4177353,-156.7025773,-180.4652165,-166.6725479
ROE Competitive Suppression,-196.1444106,-177.09699,-286.175519,-174.1924861,-174.1298421,-170.3752097,-227.1516011,-200.4752333,-216.3911757,-176.7928226,-268.2817478,-185.330752,-178.7183213,-160.5336012,-285.7440098,-177.090891
ROE Competitive Suppression,-190.5112272,-173.2580007,-236.8140059,-168.9293022,-193.9779978,-183.5885094,-211.9669014,-193.2782349,-248.0844557,-184.0367014,-242.8040117,-178.9495753,-183.6470953,-168.9588917,-191.3178555,-173.238009
ROE Competitive Suppression,-182.9923007,-173.8177741,-193.078259,-166.0615678,-185.0487531,-176.352724,-193.2241466,-188.7445109,-214.5095118,-178.6045671,-239.0195514,-170.89818,-169.2506355,-159.4644081,-207.857641,-173.8106438
ROE Competitive Suppression,-183.2939858,-163.8698884,-217.6180559,-165.6971877,-182.3035443,-173.7206845,-210.1335134,-191.4333781,-238.3367374,-181.5150796,-233.3786674,-179.7154614,-183.3292425,-155.7863216,-275.0515813,-163.8852006
ROE Competitive Suppression,-175.2006289,-170.23897,-336.0873504,-168.7466013,-176.9882013,-172.1534892,-197.4875107,-191.1767403,-234.6128869,-178.2726581,-342.7821413,-179.5834961,-162.8835445,-154.88263,-193.0290277,-170.2708945
ROE Competitive Suppression,-167.4343088,-159.3400322,-197.2871613,-158.9113563,-177.5334987,-172.4423968,-207.0100739,-194.0677453,-214.3484766,-177.4597938,-227.9318304,-178.7563537,-163.7706255,-144.7783055,-269.6671522,-159.6778525
ROE Competitive Suppression,-190.0575787,-180.8618113,-292.3440314,-180.0784616,-186.429381,-179.4039494,-214.4356294,-203.3557128,-236.4025552,-185.8063609,-283.50167,-193.4043721,-184.0254095,-166.7261458,-226.0916936,-180.8443459
ROE Competitive Suppression,-186.9960066,-159.925121,-230.0535645,-152.0619927,-163.5029631,-154.9983208,-203.9349528,-184.5809985,-224.0281966,-156.9867768,-212.162865,-165.4455655,-155.3189462,-135.1078808,-593.3887254,-159.9097243
ROE Competitive Suppression,-190.4634443,-171.4008856,-230.8307367,-167.1160928,-171.7211136,-165.0352606,-214.297543,-193.6934851,-258.7753807,-164.3621502,-255.7670881,-178.5065537,-177.9308784,-152.3164517,-316.583093,-171.3924301
ROE Competitive Suppression,-180.2625208,-170.2819126,-204.7373884,-166.1240949,-184.45257,-171.8992039,-195.7409153,-189.1224683,-209.360267,-173.2302426,-203.2805924,-174.5420104,-181.0412207,-157.5376167,-402.7972991,-170.2772606
ROE Competitive Suppression,-164.435189,-153.5749725,-218.3004884,-154.1907764,-176.305344,-168.9868148,-188.2215119,-180.0525635,-233.7993832,-172.5187736,-297.8773737,-171.3807571,-164.1198932,-143.2455385,-169.263912,-154.437543
ROE Competitive Suppression,-173.7521353,-167.3472524,-224.6599605,-160.6006466,-178.7918847,-173.0939061,-205.8507115,-195.2040646,-239.1973895,-177.5014276,-246.4208805,-175.5891155,-146.0313386,-144.0818785,-238.9211159,-167.3157482
ROE Competitive Suppression,-206.6671044,-167.6934013,-294.7615313,-167.042166,-200.8542172,-184.4497985,-239.2764787,-190.0317478,-281.930375,-191.8148178,-296.1418108,-180.0300788,-199.2681437,-164.153016,-263.3570292,-167.6731878
ROE Competitive Suppression,-172.5657409,-162.7302763,-223.2681029,-162.6781628,-179.2755871,-171.8235565,-203.6864374,-187.0762794,-218.0480049,-170.0555455,-250.0854104,-178.0754932,-183.7411708,-146.9464464,-262.1269785,-162.7223759
ROE Competitive Suppression,-174.1315916,-171.4590723,-206.862736,-175.0270563,-186.044813,-182.4697557,-200.5431769,-195.2136605,-237.2607799,-189.8766282,-220.5525589,-186.0024848,-166.1048277,-161.9826661,-178.8893284,-171.6363374
ROE Competitive Suppression,-162.1279715,-161.8543234,-191.9029946,-166.1063732,-185.6407269,-181.4046828,-190.2052872,-187.0686229,-218.9418804,-188.1333823,-205.7982932,-180.2360312,-152.2015635,-153.7302501,-218.5471112,-161.9988787
ROE Competitive Suppression,-171.7108613,-165.1681503,-205.398249,-166.9113237,-184.7732392,-180.2149408,-190.4531875,-183.8299716,-234.99854,-185.0475504,-214.803293,-179.5921843,-162.6312662,-153.6312484,-182.8906611,-165.0467572
ROE Competitive Suppression,-173.14204,-171.5100612,-231.4517214,-174.434229,-174.3330134,-168.4132365,-208.4404983,-194.9722415,-268.9686093,-174.8295006,-247.9417055,-186.3926318,-158.7207813,-151.0090292,-371.8512718,-171.6342642
ROE Competitive Suppression,-179.8996063,-160.4229359,-208.9770999,-161.3371809,-189.9571958,-179.1744401,-200.1789847,-178.1097562,-224.4541955,-180.2866004,-221.6643473,-171.1749168,-167.2617305,-152.6656244,-296.0557063,-160.7059946
ROE Competitive Suppression,-190.3303829,-163.8898548,-208.3078808,-162.0838244,-173.7537355,-169.9199895,-203.7919077,-187.1166336,-215.0307073,-174.5586309,-222.9108597,-174.3494161,-215.8537986,-149.1570512,-350.7998848,-163.9176365
OML,-171.2969439,-163.8896349,-225.1667445,-167.8911673,-219.2336303,-210.3609112,-202.7130087,-181.8281568,-271.3851886,-210.2442655,-243.8390516,-183.9209499,-175.7081629,-164.3230305,-195.6901724,-171.4697446
OML,-171.3941617,-163.6537322,-221.9901717,-166.3586138,-201.0727153,-197.7902065,-183.1837596,-167.7407853,-262.2652842,-199.3431137,-235.1761384,-165.8340654,-168.4632882,-162.2784441,-179.7348109,-159.2657865
OML,-168.7783511,-157.0385086,-246.3770986,-160.1576958,-217.0046783,-203.2628844,-179.8483274,-166.5932044,-283.8467573,-206.2330227,-242.8007244,-164.6671404,-168.4827202,-156.2554673,-265.1975302,-157.2768746
OML,-159.0261649,-150.760162,-204.5808861,-150.0080353,-209.3426963,-198.7205025,-186.0454615,-175.3981978,-259.182081,-200.831626,-222.554892,-161.3616381,-167.5848075,-150.8089575,-166.4801046,-151.331128
OML,-161.4324286,-154.9705417,-244.3962644,-153.2909549,-203.1903388,-194.6134572,-192.2987315,-185.0795605,-233.0951794,-195.6733824,-207.4128029,-171.6506152,-161.7657747,-152.0292589,-197.8763077,-155.8632821
OML,-159.4465163,-150.333694,-303.5070175,-151.7384713,-199.964292,-196.3864146,-173.0458489,-166.5829791,-274.7013437,-196.4861302,-282.3658289,-166.7740971,-165.6045235,-150.6755492,-330.9125673,-150.2070311
OML,-181.5859987,-170.5523186,-465.8665857,-173.5566927,-215.1663061,-207.6773411,-192.575836,-181.5732185,-247.054459,-209.879191,-295.4661237,-178.1398945,-200.4329657,-171.1613499,-185.3295304,-171.1817051
OML,-162.2480372,-156.4454409,-248.4611334,-159.3425651,-215.1628086,-203.1971172,-174.5349723,-168.2744023,-250.3405099,-203.552427,-219.9438641,-169.2344291,-172.4561287,-156.449663,-174.9473196,-156.8710679
OML,-168.2689084,-156.530239,-218.7038832,-157.6402224,-209.9948572,-209.3525882,-185.1935068,-170.209967,-292.5420808,-210.553878,-223.518786,-169.3327527,-188.9552895,-156.5212053,-220.5631473,-156.6177096
OML,-161.0105896,-151.6708753,-231.3190464,-152.9424611,-219.8078241,-205.5801062,-166.4033278,-156.3428296,-275.7344846,-203.676603,-217.638518,-157.8050953,-166.7180181,-151.6626202,-248.3785438,-148.0003027
OML,-196.9385236,-167.5017306,-228.1913695,-173.5546682,-230.1617312,-211.0908607,-218.1352696,-175.3494746,-290.2874193,-212.0755747,-306.459197,-176.5370123,-203.3335199,-168.3216016,-219.8728627,-170.1760671
OML,-159.5692921,-144.0674413,-209.0705481,-144.0467591,-218.5522473,-208.0049492,-170.3000765,-151.3699321,-265.6935108,-207.2124659,-211.0945246,-148.0547644,-169.0332058,-144.7566006,-262.4703334,-136.5054318
OML,-174.6625282,-150.0401732,-205.5845098,-151.3489928,-201.4271172,-189.8510227,-179.5933935,-169.775488,-231.9266418,-188.1274933,-215.4712568,-165.8373047,-173.183872,-149.1904906,-299.988951,-150.3483111
OML,-158.9532948,-153.17267,-241.9600069,-156.3922118,-212.0618246,-200.8862647,-183.171592,-172.4465323,-303.5619365,-198.9644921,-266.5572333,-174.706104,-166.6920269,-153.664864,-163.1142823,-153.4390863
OML,-175.8086356,-153.154591,-215.9488197,-155.9156572,-222.4982099,-193.6982871,-190.5317123,-173.6251717,-281.3886515,-192.2677923,-223.6965504,-171.5327656,-235.3941032,-154.2718719,-213.6780532,-153.9029788
OML,-179.8804076,-171.3365947,-221.237306,-177.2476811,-211.7358983,-208.40801,-207.6873735,-192.6725996,-243.4953826,-210.8485315,-241.3854754,-191.8094532,-182.4051817,-174.4231443,-318.2407438,-172.8767124
OML,-168.7262076,-159.2105166,-228.8837103,-159.0687333,-213.1430194,-203.9346237,-181.7929363,-171.9358744,-256.2964236,-203.1472367,-244.1288395,-172.2669095,-201.2847286,-159.2820815,-349.941032,-159.5928717
OML,-157.8025265,-154.868069,-220.8334933,-161.0545875,-204.2097847,-202.9685225,-177.8270874,-174.1779664,-277.6610364,-206.5274852,-236.2155026,-168.713931,-172.5213802,-156.4029972,-159.8081487,-156.1707262
OML,-158.9368872,-152.6951282,-223.0125731,-154.5801331,-213.4310357,-197.3641653,-176.5578691,-172.4249032,-281.7959218,-197.929041,-222.9538466,-167.0554838,-179.9327877,-153.6095683,-192.4522474,-153.7379592
OML,-174.6972584,-153.6985343,-219.3214975,-154.4928288,-246.3125367,-207.3314031,-186.6873347,-171.6005729,-277.360801,-207.3344979,-243.6970513,-168.7543868,-193.989013,-154.1005196,-244.3127547,-153.8356694
OML,-157.9737244,-146.0938077,-261.4359017,-145.8515025,-218.5110463,-197.3108849,-165.6195773,-157.125389,-273.137987,-196.3757931,-254.734559,-152.384252,-168.6688618,-146.0874523,-205.665798,-146.6254064
OML,-155.1009544,-147.597326,-191.6588969,-147.5335555,-209.785799,-195.022792,-174.1637882,-163.3847304,-254.527869,-195.2777743,-204.51407,-159.2702021,-163.6985442,-147.0873018,-232.4089697,-148.7506307
OML,-155.7405485,-139.3474994,-181.1920279,-140.5068137,-203.3400398,-190.3379866,-169.6800859,-159.9751881,-242.1249688,-189.2876585,-191.3162062,-156.8686045,-161.9336082,-139.008176,-172.2437515,-140.0678743
OML,-151.5901577,-147.4587428,-223.7834319,-151.0476196,-206.353421,-198.7329989,-171.187625,-166.0512101,-244.9407634,-199.8331282,-279.8974768,-161.4423391,-156.5058485,-148.0932982,-332.7844796,-150.2958898
OML,-147.2127475,-147.5017427,-208.8640384,-155.50845,-194.0043005,-186.9688245,-170.0592229,-168.3609006,-245.1556493,-191.8358136,-194.7359177,-163.7417289,-154.5071465,-146.6712642,-158.575424,-148.0986191
OML,-152.3871642,-148.8748502,-185.7848561,-152.067787,-202.0244806,-191.5173282,-169.7071761,-165.3887753,-236.6713914,-191.5070216,-204.9769242,-163.6410219,-157.0616957,-150.7033015,-338.9080955,-149.0421022
OML,-166.2535325,-163.661582,-225.3563614,-171.7572822,-208.3678186,-201.8740435,-187.1151892,-179.8423686,-264.8990108,-206.0373808,-248.8119291,-183.4549956,-195.8513881,-168.9707058,-234.6385087,-167.0752222
OML,-167.9165348,-162.7511629,-225.0333367,-169.6351406,-212.3856093,-202.8600802,-185.5229424,-176.1331831,-246.7804929,-204.0886997,-227.1023127,-176.3897997,-171.8761231,-165.1883796,-389.4414218,-163.0142901
OML,-179.1391406,-157.6259648,-219.37622,-156.4517644,-198.2188064,-188.8291606,-190.0024257,-183.2654055,-239.5691507,-188.120525,-291.3032046,-174.7289224,-183.5208079,-155.2356084,-177.9212805,-157.6190115
OML,-169.5820047,-158.5933044,-215.0665522,-167.3020581,-215.4026876,-211.8399218,-181.4539337,-171.6591656,-245.9326117,-215.8655531,-258.6551007,-174.0140143,-169.590773,-159.2989646,-311.5959665,-160.0899552
OML,-166.1565277,-158.5674921,-242.5013984,-162.9328864,-214.1395127,-204.2791404,-185.2441312,-176.8004303,-251.8178735,-204.2307847,-284.7807084,-176.2929186,-178.1224429,-160.7659283,-227.8846031,-159.1379095
OML,-187.5600642,-168.0650916,-213.0171144,-166.265519,-207.6922698,-200.7133011,-197.0429892,-180.9261658,-257.1039032,-202.1394346,-236.659887,-170.0929815,-187.7268848,-167.9642467,-188.1412614,-168.3579874
OML,-161.7241581,-154.7131018,-193.6063939,-154.6583194,-204.7552702,-195.1962301,-189.9951193,-178.6471693,-230.0461456,-195.4543368,-214.5652258,-170.3855565,-174.8662494,-156.8910814,-260.0238937,-154.7098569
OML,-145.9619192,-137.938372,-175.2542849,-140.7395832,-189.9946588,-185.6208258,-167.5560987,-163.1348248,-242.3638663,-190.6403093,-192.1958774,-158.8897779,-166.5041992,-138.7427543,-298.008799,-138.1599772
OML,-173.2208731,-160.8551732,-209.9460063,-161.553125,-218.8642524,-204.6159729,-186.8162677,-175.3623929,-294.8093012,-203.441284,-259.7103584,-174.1765419,-182.4560179,-160.8433213,-174.8124125,-161.5691799
OML,-158.3253128,-145.1517874,-250.0283779,-146.5619974,-193.0745584,-187.6040177,-173.2914467,-167.2608621,-269.3006145,-188.648924,-275.0823403,-163.2275958,-164.0084275,-146.813611,-237.5553686,-145.1233703
OML,-168.3872805,-159.6319518,-260.1607243,-160.1071661,-206.5104314,-202.8654741,-183.2540758,-167.4618105,-264.1890992,-206.6325355,-237.658596,-164.6472135,-172.2113279,-159.811467,-247.4579784,-158.8121229
OML,-165.3256692,-157.5402766,-223.9651942,-160.2682709,-221.2537218,-203.9457203,-176.0245029,-173.0248971,-311.6015116,-204.6410162,-215.8428884,-172.8307616,-173.2441775,-157.6204217,-194.5157107,-158.0136925
OML,-181.6454492,-167.082252,-228.5564144,-167.9823469,-213.915793,-208.5259345,-194.482146,-177.0237097,-234.4374171,-210.2228182,-210.5667802,-174.5859738,-188.614651,-167.1092396,-191.9728355,-166.7228975
OML,-171.8560741,-157.3734682,-209.9192579,-159.0545462,-245.7254802,-200.4526639,-189.4305933,-179.2645213,-395.2411893,-197.4044124,-241.2603506,-179.0963537,-245.671267,-157.2363076,-175.2707931,-157.541634
OML,-161.6515635,-149.7283607,-194.5113958,-151.2066561,-200.285724,-195.6073405,-174.4186927,-166.812617,-227.4135363,-198.1768231,-208.4663394,-160.8852119,-166.8364371,-151.4882059,-288.6630528,-149.9872263
OML,-161.065854,-154.4306736,-273.5339694,-156.2553069,-201.7130546,-196.3175535,-177.9345632,-170.4995014,-262.0346168,-198.0868776,-195.9530663,-165.4057644,-169.2458747,-154.6238007,-249.1098884,-154.514354
OML,-171.2722348,-157.1439596,-398.0599577,-157.1797347,-224.2540749,-210.067141,-181.104878,-169.569978,-378.2083961,-208.7375103,-195.8301811,-160.1811698,-181.2950381,-157.2911065,-206.1631663,-157.6962013
OML,-159.0732289,-152.7717182,-189.1675354,-155.0979731,-207.2268013,-199.1647872,-181.3810126,-171.2375369,-241.2595683,-202.2585862,-197.224619,-161.2747979,-163.7619007,-153.6247077,-174.9169893,-153.5654912
OML,-159.9631314,-147.1106679,-199.9256523,-146.2103264,-236.1646326,-203.0165351,-178.4756557,-164.6723938,-277.8161185,-204.0941797,-208.8255819,-156.943297,-199.2311468,-147.0270635,-194.2043737,-147.5343868
OML,-190.083516,-166.1062724,-274.4132058,-167.0609513,-215.6466952,-209.4275453,-180.9197754,-174.1773416,-231.9342204,-210.5352584,-250.4115476,-173.718189,-212.7170988,-166.6893527,-350.3899653,-167.2275537
OML,-161.8321636,-159.1218212,-266.0353777,-161.8560715,-212.5931758,-204.973037,-169.3536149,-167.6317605,-266.0448681,-205.449691,-180.7238232,-162.1883693,-163.6318939,-159.2430429,-193.8552344,-158.3406954
OML,-161.6870832,-151.4233917,-209.4253663,-153.7762563,-209.3692098,-201.192912,-178.7475918,-164.7008565,-246.0198473,-201.534505,-201.5345586,-162.9092116,-171.1695243,-151.7420673,-217.1480212,-152.0959766
OML,-159.9865119,-156.7884238,-226.6643635,-160.8038205,-209.1138047,-201.7239694,-185.6026767,-175.4822857,-272.1792498,-202.3137041,-286.7165294,-174.4664229,-165.4074384,-157.2643261,-194.9726723,-157.7801246
OML,-175.0432549,-163.7105289,-248.8865975,-165.559144,-211.8936081,-208.0435948,-202.6328551,-177.0264439,-250.0183735,-208.6132694,-260.6994777,-175.3490811,-177.9880579,-162.7835105,-243.6700933,-169.3027729
OML,-159.4571773,-151.2610311,-210.7669916,-155.3119653,-225.6769162,-203.2008083,-176.7847399,-170.636249,-258.2992033,-202.4200052,-213.8707296,-172.0221036,-177.4814982,-151.8202948,-167.021031,-151.962522
OML,-171.0553606,-159.9964559,-197.1919744,-161.6172257,-201.955654,-194.2309974,-189.9759881,-171.9932616,-233.8671656,-197.8075131,-250.0376367,-162.0139116,-173.86648,-158.2420485,-474.8343076,-159.9193665
OML,-155.910654,-147.2087185,-178.4845419,-148.5225081,-221.1507762,-195.3339066,-176.3591809,-163.450234,-272.3836558,-200.5479821,-186.1068891,-154.8383808,-177.8264597,-146.377878,-262.5712348,-147.5992823
OML,-153.7718178,-151.4192799,-227.0151043,-153.8375914,-209.5888468,-194.6811334,-176.780857,-175.4496909,-257.8382249,-195.7760278,-265.7485611,-165.0803,-169.4523957,-154.4187115,-297.7619068,-152.5899088
GML,-162.3293866,-159.8939473,-112.6034192,-93.28981606,-184.8839526,-175.8126471,-191.3491307,-185.0798175,-193.1038993,-158.6694213,-132.2996827,-100.3717193,-159.9798646,-148.6239922,-164.3730741,-160.6372691
GML,-179.4597393,-166.6364288,-150.3148843,-117.715958,-189.1395035,-179.2654604,-204.8378874,-193.6998267,-173.1857591,-166.371767,-153.5629072,-131.7347303,-175.2664653,-159.3071129,-257.8823909,-166.4347643
GML,-162.2069676,-160.893546,-144.5519577,-119.8247832,-185.0671027,-180.4194935,-186.8389258,-185.3002724,-184.7046171,-168.137708,-163.9848135,-125.8583055,-161.3326351,-158.3456401,-260.4775276,-161.015437
GML,-153.768949,-153.3224548,-159.310387,-113.8141138,-181.4956048,-174.2868668,-189.7308341,-183.8891507,-202.9106936,-166.1551255,-269.4971294,-123.7208391,-152.8612689,-147.4980043,-154.5113483,-153.4322642
GML,-165.7561613,-160.2610903,-131.1008094,-117.0922077,-195.2917678,-187.330261,-191.473403,-186.0613274,-198.829955,-169.6101324,-163.4995605,-127.303058,-163.6101036,-155.0554953,-269.0954365,-160.491746
GML,-168.4506407,-162.6426232,-247.792808,-115.3060422,-188.1377696,-180.4182276,-196.8183855,-189.6607075,-278.7986118,-165.7516053,-284.6981467,-127.8785298,-163.3497398,-155.5996569,-220.3008707,-163.5478913
GML,-161.065519,-158.979521,-214.4303176,-109.4595796,-182.7374937,-172.9195681,-190.2092964,-187.5943456,-305.8125821,-154.69483,-245.2343686,-118.8552369,-159.6209224,-147.3402498,-163.8345902,-159.2032035
GML,-171.9773284,-164.5714798,-154.0443098,-127.1834679,-188.0970406,-182.7261709,-204.908154,-190.7817959,-196.0544943,-166.9641945,-183.1316257,-137.9506424,-165.4432215,-157.3433,-197.1159738,-165.0695918
GML,-162.5227515,-160.0929361,-140.6821143,-115.9891107,-182.4423074,-177.9906921,-189.9949029,-188.5556045,-182.3843379,-166.7984511,-143.4579522,-126.9125052,-161.1290799,-154.2601161,-412.5672476,-160.1119783
GML,-175.2797647,-160.5156696,-166.2628443,-106.9469223,-190.7970648,-173.038565,-195.3958311,-186.6008237,-166.4948377,-151.6269513,-209.7455572,-111.8778108,-192.130363,-153.5119679,-289.706804,-160.6261402
GML,-160.4359453,-156.1129341,-138.5411268,-111.7844748,-172.9739595,-169.5824327,-186.2083308,-181.5317526,-198.6746341,-159.1548294,-154.2346905,-121.2157671,-151.9787185,-144.3014497,-170.7075864,-156.132167
GML,-171.8536412,-167.7606315,-988.0167277,-118.7266909,-188.4469332,-183.9990411,-198.6810285,-192.8025627,-206.1620649,-168.5042855,-204.3703951,-128.9037757,-169.9734103,-157.8195714,-173.2355247,-167.7947685
GML,-167.9372679,-162.3089472,-176.1726763,-111.672775,-185.799754,-181.2284076,-198.4916243,-190.6188659,-196.8261741,-164.6713156,-162.8149912,-125.8127865,-173.7344497,-158.2239088,-167.8660836,-162.29902
GML,-157.3933554,-158.7020833,-177.0334088,-118.5009475,-183.3485081,-183.2604875,-188.4214263,-186.7569102,-229.6390371,-171.0478463,-184.1448473,-129.5586134,-151.1753471,-152.3643338,-267.1625775,-158.9714917
GML,-163.9026435,-156.410286,-129.2077196,-108.280317,-180.6088912,-171.108997,-199.4417497,-184.7621296,-194.3690305,-156.5845936,-201.7348836,-124.067782,-163.9433019,-147.4040754,-963.9896356,-156.4197605
GML,-171.7602629,-157.9776595,-160.9426597,-107.5582178,-188.8896842,-179.912487,-196.9022688,-186.8327609,-241.0850369,-163.7395349,-149.0729114,-114.5450987,-169.893768,-156.17291,-255.0556987,-157.9757177
GML,-172.5470855,-165.723985,-156.2542659,-114.7481321,-178.0675649,-172.2744254,-198.1414309,-191.9354511,-204.6601661,-155.0230458,-177.5980875,-126.9972011,-164.8560521,-154.4415078,-230.2861959,-165.7137212
GML,-171.0444884,-159.2583332,-134.5551397,-106.4804601,-203.0580231,-183.2972792,-196.559156,-186.0999722,-203.0612601,-166.8673387,-112.4319022,-112.0878417,-175.0577368,-156.4667566,-170.2363707,-159.2514662
GML,-168.0230688,-161.7397975,-195.0826812,-125.7225663,-185.0890236,-181.4078014,-187.1707927,-181.2577845,-203.8912679,-172.2922413,-196.8748023,-125.2267668,-160.5329665,-156.0821419,-176.8869306,-161.7831802
GML,-174.8739582,-164.411118,-147.5763174,-121.0686951,-197.8303307,-183.8676883,-197.1270478,-186.3828555,-200.5940397,-173.0106134,-155.9359169,-127.8591097,-178.1900805,-159.1077443,-301.1492333,-164.3496536
GML,-185.3022366,-161.3968283,-194.0969683,-117.1788879,-209.8683133,-180.6160154,-196.2657412,-189.3733362,-203.4568501,-169.2717643,-173.9204433,-126.9640363,-184.1654873,-157.5497663,-261.5052834,-161.3706888
GML,-170.0506943,-163.8285879,-100.5346537,-111.5051649,-190.2838865,-184.5187974,-197.9312733,-192.9876867,-197.4201878,-169.5832154,-137.4660942,-126.1108951,-167.5199904,-156.1329559,-171.1984051,-163.8293824
GML,-180.9549997,-177.6176825,-123.8206357,-114.226692,-191.5645776,-186.9304298,-202.3945608,-200.0184275,-160.9460147,-159.6856042,-116.3699045,-120.822179,-177.9689613,-169.7753523,-248.5663032,-177.6561166
GML,-164.9716443,-161.7988156,-191.898725,-115.028513,-181.010104,-175.409134,-188.8784418,-188.7463621,-184.6027863,-156.8081687,-145.5857916,-126.644838,-157.4395215,-151.182271,-170.1114713,-161.9140793
GML,-171.3563197,-168.6582349,-263.1797291,-124.3068062,-177.3254503,-175.5296103,-197.9917262,-192.5088157,-205.9531904,-164.2272079,-235.4221505,-132.5455832,-162.6871067,-156.0160527,-218.0557238,-168.6531611
GML,-204.7286005,-170.1865818,-627.0465788,-130.3657817,-213.4850292,-186.0550749,-207.3407595,-200.3522375,-210.6219098,-172.7433606,-204.7570538,-145.6658061,-206.8508183,-166.8463741,-201.6561,-170.1880819
GML,-169.5573875,-159.7174218,-179.185874,-108.4724632,-190.3786155,-172.3311871,-196.0944928,-191.7668554,-241.2224986,-152.5338412,-190.1223382,-124.437622,-166.8611966,-152.3958636,-327.1529002,-159.7105122
GML,-170.7639241,-167.3596398,-151.4463767,-120.9488839,-188.9892986,-184.1588614,-199.3620202,-193.9419038,-194.6635508,-168.7161622,-179.920728,-134.088606,-165.2659149,-162.1182176,-172.4528773,-167.3268006
GML,-187.4397069,-164.6872751,-244.1803236,-118.7185927,-198.0222802,-182.6829127,-194.8271115,-188.317692,-198.4004437,-166.6014331,-143.7008646,-124.444344,-195.2441614,-162.8428953,-208.0300302,-164.7016927
GML,-176.704214,-174.4769375,-142.0048489,-124.87655,-190.8115971,-184.7581083,-203.2602736,-200.5287289,-180.6018612,-163.7262035,-148.7320038,-140.4996799,-172.13254,-167.3456891,-227.7160085,-174.5068033
GML,-176.1183487,-170.8954202,-121.6665795,-121.4737072,-189.4387308,-180.8999755,-203.9887436,-196.3697,-172.3830059,-164.4970125,-165.6683043,-132.0538474,-166.9670352,-159.8547539,-229.455853,-170.8827955
GML,-169.0030051,-162.3884912,-157.0462598,-122.2747512,-190.2561295,-185.8156781,-194.7834077,-184.853773,-258.0053308,-173.7314023,-188.1841811,-126.8071489,-166.3019243,-157.4181577,-231.1526526,-162.3958835
GML,-171.3319032,-155.6887126,-117.1754652,-104.9068445,-233.0864226,-169.1790566,-193.5880266,-182.9127107,-195.6909214,-148.9995522,-116.4001133,-116.4223802,-227.1133668,-144.7508431,-176.7567473,-155.6827331
GML,-181.0353202,-175.3558649,-133.0678813,-115.1590222,-179.0376034,-174.878524,-207.1644429,-201.7556615,-176.524131,-149.6568316,-147.5644154,-127.9049914,-164.8496649,-159.3676253,-297.8640275,-175.3178051
GML,-161.7055754,-158.8615197,-113.6809313,-107.8525634,-185.7825024,-182.4785927,-192.561417,-187.13256,-199.843263,-167.1208853,-135.5775539,-117.0301198,-170.8321205,-156.3256208,-163.6812989,-158.9373661
GML,-171.7088554,-167.8026066,-104.9650011,-108.1314824,-185.0570881,-179.9258675,-198.9444069,-193.3131863,-420.9388377,-158.9116506,-114.0509476,-113.3897744,-160.6168256,-157.953954,-212.9744615,-167.9504083
GML,-185.3624549,-169.3514583,-154.0229979,-128.2516148,-186.5186113,-181.3705977,-206.6538182,-192.060591,-207.9610825,-165.0529685,-168.0378594,-136.4283528,-174.5822261,-159.316708,-202.7472535,-169.3418727
GML,-173.4831519,-167.0218119,-149.547956,-130.3011773,-186.8273146,-179.0758771,-200.088973,-193.8305289,-214.5461734,-167.4174682,-181.4747302,-142.9164069,-175.2197884,-160.7396694,-250.4204842,-167.0201984
GML,-172.3310235,-156.8607701,-145.4247126,-113.9864762,-187.4416625,-176.9894108,-198.3266689,-182.5351451,-197.7620023,-164.0978539,-153.8054324,-121.9071456,-173.0711097,-150.5744874,-202.346028,-156.6032888
GML,-159.0258589,-154.8418825,-149.8383642,-111.5735166,-189.5792671,-182.9062781,-186.5952728,-185.1044643,-200.0803306,-168.2535523,-146.9551816,-125.3724923,-158.1294184,-149.1313136,-382.8574522,-155.0792013
GML,-165.2516028,-160.6562908,-141.4888343,-115.5701159,-185.2734009,-179.4209705,-191.3649673,-185.9826896,-196.8198095,-168.1198322,-144.1072323,-123.4505661,-161.4987809,-155.5773335,-186.5790623,-160.6342441
GML,-168.5527102,-161.9027992,-117.2628221,-114.6500092,-182.6065515,-179.3725491,-201.7582571,-190.0785705,-223.0359694,-164.5589835,-199.8471295,-126.723719,-166.032799,-157.1503311,-171.127844,-161.8231774
GML,-178.4115379,-169.9509295,-136.3005081,-120.825807,-183.7745285,-177.3367237,-221.8350888,-196.1599089,-176.3946815,-160.8132369,-181.1655165,-133.5883395,-177.6290652,-159.8753384,-186.9882013,-169.9169018
GML,-165.7038001,-156.9434412,-130.3612612,-104.391604,-178.0377251,-166.3826374,-198.2715589,-186.1905097,-201.0557982,-151.3529911,-169.305814,-118.604109,-162.1231546,-143.2632345,-273.9932852,-156.9139678
GML,-172.2827423,-166.3750113,-140.0758959,-121.5810904,-192.7905991,-187.6321272,-196.6577906,-191.0719075,-213.4045566,-172.8777597,-146.56957,-132.7295832,-169.6995337,-158.7197928,-178.8004792,-166.4440397
GML,-185.8215279,-173.4609291,-161.8858514,-133.2354554,-205.0309869,-185.2568937,-207.5171808,-195.6253293,-387.875319,-172.240348,-188.769336,-135.8992402,-191.1362608,-167.0359688,-186.0333878,-173.5438003
GML,-149.2331505,-148.1886482,-176.2001757,-110.061165,-181.0033326,-177.9084639,-187.585531,-180.6048032,-173.7726343,-164.9702375,-161.8077406,-125.8701077,-138.0860881,-140.3257679,-202.101621,-148.4619725
GML,-177.6157777,-162.4269006,-175.7688823,-128.1278048,-184.9180565,-180.0878746,-189.6406222,-181.4048552,-191.6390526,-170.4786791,-168.7178186,-129.2884434,-168.5009202,-157.1583074,-178.519368,-162.4203473
GML,-178.3612958,-174.515267,-158.39467,-129.8650453,-192.6656688,-189.1476729,-204.4820694,-198.84877,-230.2940537,-171.7260595,-181.1062093,-138.8195774,-179.4962391,-169.8251821,-187.571808,-174.4430453
GML,-167.34101,-166.5204278,-403.294123,-119.9353371,-181.2718822,-178.2099094,-192.44315,-189.5127764,-237.137641,-163.9693729,-209.3098136,-126.6184461,-160.4785732,-157.7443097,-223.8249522,-166.5219396
GML,-159.3570313,-155.2565433,-187.7807667,-118.0433967,-203.5823024,-178.1828044,-190.2630764,-184.1069193,-249.4509441,-165.9715806,-280.1470958,-132.9897238,-177.3957584,-150.6236216,-160.7807465,-155.42433
GML,-167.6047556,-162.0460041,-140.5310734,-105.9994499,-176.2374186,-174.8272177,-196.4465944,-190.5266689,-200.1792819,-157.2587467,-150.6714937,-121.6703368,-157.6766562,-151.0514484,-168.4539532,-162.0705192
GML,-167.7538045,-159.5023561,-197.219339,-122.0639666,-184.7334404,-179.5279188,-196.6465455,-190.0291695,-213.5492815,-168.3961069,-196.1045238,-134.3722908,-162.298897,-154.0012542,-193.028835,-159.4804238
GML,-159.5510729,-163.0305794,-112.6946306,-123.8690284,-183.488259,-180.9346208,-185.6175211,-187.5827345,-237.7442697,-167.2372104,-134.2275407,-128.9396774,-153.7791615,-154.2176952,-170.379296,-164.4590277
Generalized Direct Suppression,-175.759047,-167.6139098,-153.3704771,-122.4614142,-190.9302528,-186.6610093,-197.2620574,-188.1191374,-254.0492481,-175.1476583,-144.4732196,-118.3960688,-177.0805715,-164.0003379,-223.6281875,-167.7388395
Generalized Direct Suppression,-178.5926544,-173.9241731,-152.0547615,-136.6436419,-200.468171,-196.9600089,-189.0535583,-184.7056493,-202.4997815,-185.0562346,-129.1781176,-128.0695419,-178.9700812,-170.6931993,-231.351437,-173.7472137
Generalized Direct Suppression,-162.1485988,-160.3011756,-169.8877154,-117.9758195,-186.7355734,-181.3468152,-183.4843565,-181.0214616,-189.3638722,-169.2756079,-139.0126875,-109.9768002,-159.927946,-155.7348187,-224.9795024,-160.6547533
Generalized Direct Suppression,-172.2690019,-168.9830696,-136.3911665,-126.9588,-186.6947184,-185.1762263,-189.7400255,-187.955689,-188.6212177,-167.7459578,-115.1216143,-126.6352697,-166.3735616,-158.4950631,-176.1816011,-169.205287
Generalized Direct Suppression,-168.9395987,-159.5879753,-154.1053516,-123.3902529,-194.1437081,-190.564664,-178.010163,-175.8813277,-243.1914485,-180.3254943,-122.8686075,-113.6284695,-176.3634766,-159.2785178,-368.7466502,-159.6309655
Generalized Direct Suppression,-173.7703924,-167.8023191,-144.0601633,-119.9319005,-190.8924776,-184.9923681,-195.3511766,-189.3712924,-323.593918,-173.6058761,-141.6295938,-120.8916647,-174.3734342,-164.4209933,-179.0557707,-167.7811083
Generalized Direct Suppression,-201.7610034,-179.9979637,-244.8492082,-150.582335,-201.0875002,-198.3421039,-222.5186894,-192.3447109,-213.6728148,-188.4312869,-246.729086,-142.6170269,-198.1393503,-178.9008522,-248.8860999,-180.1081462
Generalized Direct Suppression,-166.3989361,-163.5783339,-139.4928867,-123.9268655,-191.9573315,-187.1640472,-186.1445214,-182.640535,-193.9152698,-175.5036042,-125.7255196,-117.8560947,-165.7284638,-159.7543903,-215.017127,-163.5595411
Generalized Direct Suppression,-168.2608212,-166.2163429,-136.3520727,-121.3268677,-195.7483447,-187.5050389,-182.5950056,-183.7079119,-219.5651959,-171.326679,-177.4587939,-117.7627522,-167.1885901,-160.5782526,-363.1648038,-166.4026875
Generalized Direct Suppression,-185.8849032,-173.1073595,-167.2005866,-128.5695366,-201.883223,-186.7085457,-208.2798142,-190.3004221,-219.6318669,-168.2569705,-146.6973119,-123.1979747,-186.8652433,-166.9319207,-279.3981657,-173.0975257
Generalized Direct Suppression,-161.4909753,-160.3096509,-140.86964,-116.3425628,-183.2599309,-180.8538785,-180.0426798,-180.0687405,-192.6342753,-168.1399637,-107.9838627,-113.3008977,-160.7014912,-155.6471187,-161.3960544,-160.4055724
Generalized Direct Suppression,-171.2187771,-158.3997114,-125.7329513,-104.3672879,-187.6087391,-178.9225187,-193.4129151,-181.459797,-198.2948931,-160.584036,-130.5136194,-106.2501584,-168.2844606,-153.5579263,-203.0254672,-158.4008152
Generalized Direct Suppression,-168.5341843,-162.6105292,-158.7868484,-118.2229825,-184.4113143,-181.5325091,-181.8656511,-179.6779625,-291.64353,-173.707478,-129.1700233,-113.2233425,-173.4363837,-158.4317262,-211.9513272,-162.6705008
Generalized Direct Suppression,-172.5374934,-163.187894,-146.2939981,-122.467878,-191.887069,-187.3302683,-179.8636709,-180.2584404,-197.6497539,-169.9950068,-119.2249405,-117.4655244,-168.6474496,-159.654847,-223.717279,-163.4228678
Generalized Direct Suppression,-159.1577219,-154.2527268,-141.8232404,-117.1063656,-178.1518499,-174.9784738,-180.1919003,-175.1370292,-199.097731,-167.9928592,-172.4880813,-110.0744098,-171.1024632,-149.4606093,-229.3766005,-154.1177617
Generalized Direct Suppression,-169.7626916,-163.9611472,-200.8164543,-117.1985351,-192.5711355,-180.6090705,-185.0652269,-180.7787963,-244.5578118,-167.1339832,-107.3418127,-107.3699677,-169.7310777,-158.6659623,-680.9717796,-163.7721105
Generalized Direct Suppression,-175.717552,-169.2890428,-118.2280434,-115.4684784,-203.0030184,-185.6729569,-191.422417,-187.026014,-239.9363931,-168.7065762,-144.6800312,-112.5371181,-181.6131899,-165.1435848,-238.6350365,-169.321025
Generalized Direct Suppression,-183.5471963,-174.7910904,-171.4611534,-136.6344534,-198.6269733,-191.3374737,-200.7156422,-192.4565647,-223.7657414,-177.052124,-160.1201013,-129.2854931,-180.1696723,-172.6059104,-209.3395163,-174.7923203
Generalized Direct Suppression,-182.8185012,-174.9026357,-130.8235337,-125.9185626,-198.9933767,-191.5870067,-199.0028001,-191.1639467,-244.6347958,-174.3554464,-114.6794234,-118.210196,-185.3925225,-171.8704954,-249.3891476,-175.1318902
Generalized Direct Suppression,-175.3975925,-166.343077,-163.143935,-128.3090861,-192.7259289,-187.038836,-192.9194404,-184.80196,-200.0686979,-178.114638,-149.3307111,-121.0963889,-184.7794786,-161.5390533,-223.8855111,-166.8110889
Generalized Direct Suppression,-163.0825433,-161.7414729,-152.7120416,-117.8692604,-179.3314757,-178.1513196,-188.1874401,-184.0050632,-310.3470212,-165.8986956,-147.6202675,-118.9209053,-159.4810965,-155.4038917,-180.0173208,-162.4323932
Generalized Direct Suppression,-173.7522073,-173.4522227,-132.6577198,-130.7390066,-203.8181844,-196.2826191,-186.3952043,-184.9671405,-198.7969592,-179.3930449,-125.2769032,-120.0995942,-174.6200563,-170.9808051,-273.3205017,-173.4454443
Generalized Direct Suppression,-165.0518513,-160.9330323,-134.1814954,-116.5139511,-190.2212045,-187.0312123,-185.4042383,-181.222118,-187.7695103,-172.1849785,-112.6792835,-117.8861292,-163.5721712,-159.3772059,-194.1373971,-161.1335197
Generalized Direct Suppression,-167.4761722,-157.4274481,-146.7354358,-113.6803091,-206.8118125,-178.1110094,-181.9236082,-178.0243749,-239.1418731,-163.1712717,-98.06176771,-110.0736051,-199.2702722,-151.9093937,-208.9127875,-157.4212287
Generalized Direct Suppression,-170.3921489,-164.3356165,-163.258488,-125.6009378,-188.5756513,-183.9829736,-187.0384198,-183.6468921,-193.1126541,-172.1311468,-168.5948789,-123.5164953,-171.4520685,-161.9680814,-238.2733777,-165.1421664
Generalized Direct Suppression,-180.0862945,-166.8187193,-163.0478846,-129.1581476,-184.539492,-181.0081045,-187.4584962,-180.6555219,-255.589708,-169.7102082,-129.5622094,-118.2657436,-180.297757,-160.9269722,-424.6308767,-166.5269931
Generalized Direct Suppression,-166.167264,-158.0908041,-159.6957925,-116.2494255,-179.6157651,-175.1747176,-185.3230135,-181.6739075,-211.8772731,-165.5327193,-135.4252281,-117.3895,-160.35644,-149.3395979,-226.5945379,-158.2056403
Generalized Direct Suppression,-164.0700214,-159.4745486,-113.5458923,-110.3523159,-197.519724,-185.0780318,-183.9287143,-179.7710704,-184.4346113,-168.7349232,-106.8238149,-108.6485296,-195.6228663,-154.7525943,-218.2043761,-159.512294
Generalized Direct Suppression,-181.3348008,-171.8495764,-140.3288598,-125.7798298,-194.7811382,-192.3218449,-200.0828336,-193.3961432,-212.1465479,-176.8344806,-114.8659771,-123.3256634,-179.0528802,-169.9353273,-224.9687884,-171.82725
Generalized Direct Suppression,-173.8154011,-163.4003011,-138.9878785,-116.9458341,-193.6695829,-187.6325202,-189.8275394,-183.7667942,-190.9583517,-172.951608,-120.7779474,-113.6422788,-173.2103603,-159.6732916,-209.444457,-163.6218003
Generalized Direct Suppression,-169.7426976,-169.0228253,-201.0217331,-120.8819144,-183.343089,-181.3787977,-188.3190554,-187.5766912,-235.5061835,-164.9144365,-154.379707,-114.144925,-168.0647378,-162.8585422,-224.2994388,-169.2058525
Generalized Direct Suppression,-167.8304922,-164.7811269,-122.6453933,-109.0463803,-198.332407,-178.6733128,-187.5761316,-186.1852348,-186.9291761,-157.5660974,-97.38649813,-111.5487662,-197.2175529,-156.7734997,-273.7012704,-164.8696556
Generalized Direct Suppression,-168.2095668,-161.9400144,-128.9660235,-119.8475077,-193.4308399,-188.1559842,-187.6402305,-182.7223933,-198.3363409,-174.3801267,-112.2631497,-115.9501273,-179.2586808,-157.7672684,-189.7980284,-161.9504861
Generalized Direct Suppression,-170.7147584,-164.5771222,-124.9739702,-105.155835,-185.9827067,-179.7400985,-191.0028119,-184.1718432,-202.7556425,-157.8842491,-118.3728009,-100.3678206,-165.0805866,-155.9436427,-316.9250449,-164.5998123
Generalized Direct Suppression,-178.8966729,-172.4142508,-150.8886581,-132.5792779,-204.9942487,-195.755965,-188.6143253,-185.7611489,-203.4245254,-181.9703541,-126.4526755,-121.8677991,-175.5380566,-169.7693461,-239.6630679,-172.7636391
Generalized Direct Suppression,-187.4336715,-171.4708157,-150.8866129,-108.4634559,-190.7083983,-179.9827018,-210.3038644,-191.2601606,-334.1926309,-157.157979,-120.6073754,-102.7684253,-200.3997152,-164.6512066,-206.3451121,-171.4691211
Generalized Direct Suppression,-176.0099138,-166.7562616,-137.4126481,-125.2694117,-198.7322391,-185.7518149,-194.080449,-185.5635215,-216.3806585,-174.3623469,-128.1178924,-117.7082195,-190.7807858,-164.4723645,-177.1838097,-166.7568459
Generalized Direct Suppression,-164.7611265,-160.8020681,-149.8878644,-113.7363372,-187.0361677,-182.6848656,-185.9927384,-183.8310265,-194.4341629,-165.0640595,-145.1324951,-116.3476268,-165.1791913,-157.0009954,-165.9433795,-160.8920388
Generalized Direct Suppression,-168.9323653,-164.5954537,-137.2731392,-123.0265883,-183.9207503,-183.3111552,-186.3164437,-183.6951548,-190.0170003,-169.4870817,-106.4935567,-119.5361233,-168.8734258,-159.7730415,-213.4170242,-164.7234228
Generalized Direct Suppression,-178.2978028,-165.2588752,-133.9820517,-110.8015968,-217.5888245,-181.4713187,-199.9037809,-182.7605613,-221.9695151,-162.1691002,-112.2215087,-104.3279061,-191.5734471,-159.5607912,-212.9266893,-165.3087501
Generalized Direct Suppression,-160.7350145,-156.9618598,-127.4705545,-123.049277,-193.1165582,-178.1937898,-182.3595861,-177.841491,-208.2988913,-167.6690323,-119.5723317,-118.9428152,-166.838853,-152.3727217,-220.1606787,-157.1166777
Generalized Direct Suppression,-185.1326067,-176.9093545,-138.6185101,-136.4283481,-201.2769584,-192.1254134,-205.5651098,-192.7980962,-213.3488177,-177.8378825,-124.0259005,-130.8643632,-184.6650319,-174.27733,-211.4710207,-176.908384
Generalized Direct Suppression,-182.8707343,-168.5819953,-192.8998363,-120.1401817,-198.71461,-189.2151529,-194.8093755,-188.5086307,-224.9947584,-171.4535825,-172.2884012,-119.7236071,-184.249855,-164.4588068,-213.0362064,-168.6331011
Generalized Direct Suppression,-192.5615214,-171.0606394,-138.6735845,-125.4574468,-197.456486,-184.0617141,-216.7140499,-191.6474624,-231.286552,-166.4390613,-129.270433,-121.1940372,-193.9638395,-166.5001377,-198.2273625,-171.075179
Generalized Direct Suppression,-182.3897448,-171.7800949,-199.867772,-137.0984504,-211.4494607,-195.6396102,-187.7637698,-184.3883418,-239.9657578,-186.3629086,-185.4452802,-126.6689233,-193.3191382,-173.6198675,-234.8849447,-171.9756666
Generalized Direct Suppression,-192.8383383,-174.4883925,-168.7784899,-129.8789746,-208.3289529,-190.6063011,-203.4600882,-193.2218956,-189.2529327,-171.224927,-183.0068496,-127.21839,-194.1808859,-170.6015304,-270.785789,-174.4832753
Generalized Direct Suppression,-176.7777351,-167.7680093,-154.1225355,-118.447077,-195.9724879,-184.4377713,-187.3399184,-186.5500197,-195.3492622,-166.8070669,-115.3657053,-115.3398887,-176.4121785,-161.4359,-221.9959769,-167.7945389
Generalized Direct Suppression,-173.3120128,-169.80859,-172.021913,-135.9269949,-199.1596802,-190.8075055,-188.2664531,-185.2609122,-297.9263311,-182.9671944,-177.4113836,-129.8288683,-174.7291922,-166.0623199,-185.7298484,-170.2134085
Generalized Direct Suppression,-170.8856559,-165.6479922,-105.4401711,-95.95906627,-183.055143,-174.2598627,-193.4397625,-187.9802905,-224.96425,-152.967736,-126.2693321,-93.80972653,-166.9190084,-153.8334375,-263.9855829,-165.6184231
Generalized Direct Suppression,-176.4027534,-169.0953298,-163.7739703,-121.0062966,-197.424792,-189.2421092,-194.9265177,-188.268595,-199.6574776,-172.2890212,-112.9541798,-116.5064723,-188.1189501,-168.0465748,-202.3901219,-169.1269705
Generalized Direct Suppression,-200.2068868,-170.5946545,-160.489868,-125.5587517,-200.6673837,-185.9161131,-213.8942741,-187.6997097,-179.3803948,-170.2562782,-347.6157101,-125.0292947,-193.3824524,-163.1732495,-217.9925186,-170.5941974
Generalized Direct Suppression,-175.0160706,-167.0929074,-166.7960756,-116.1611277,-184.4423548,-171.8075849,-196.208165,-189.7013071,-296.2344305,-152.0805301,-113.0383848,-117.665301,-177.8747777,-158.2179815,-193.8454105,-167.0827812
Generalized Competitive Suppression,-233.2683291,-222.395613,-229.7129504,-188.418763,-184.9667054,-179.2462737,-251.9509549,-241.046051,-195.6133986,-151.4775356,-242.0762065,-192.4144388,-204.0916891,-186.6542378,-245.4663427,-222.3592839
Generalized Competitive Suppression,-222.5514769,-198.1162282,-279.2694985,-165.1306978,-195.671124,-173.4389926,-234.9624169,-216.3409899,-189.1294961,-154.4369111,-235.2247824,-169.1271091,-224.0005394,-172.4796896,-250.9316236,-198.1399883
Generalized Competitive Suppression,-224.242419,-216.1154252,-215.0948137,-185.9076758,-193.4801803,-181.3776049,-239.6939566,-233.1432315,-323.3956049,-169.1383222,-221.7285415,-188.8771507,-202.8472218,-184.9157385,-228.8401397,-216.2056401
Generalized Competitive Suppression,-211.3798504,-207.6656323,-182.2968682,-175.3866821,-184.7746743,-175.7458254,-235.2671467,-229.2904153,-175.7723003,-160.3714104,-193.8521512,-182.9232653,-187.0871755,-175.0227946,-230.5066025,-207.7859127
Generalized Competitive Suppression,-215.104868,-205.4027321,-229.6792481,-182.311934,-174.2512986,-171.3330783,-232.7746903,-227.1678197,-174.0075835,-158.0854833,-226.8077192,-187.8731036,-202.264826,-181.111889,-229.1750396,-205.7445667
Generalized Competitive Suppression,-233.7217071,-213.5107545,-208.3366091,-174.781495,-194.8051436,-168.6105047,-261.8161926,-230.4994884,-175.2394802,-146.7290294,-234.1629404,-177.5422223,-228.376339,-169.5977842,-255.7017206,-213.5047904
Generalized Competitive Suppression,-210.607247,-207.2615072,-214.246129,-181.7274051,-181.1925669,-178.5516326,-228.7878198,-225.9832448,-177.9870599,-164.2060808,-221.7416991,-186.6025115,-191.9649528,-185.3102978,-223.5763361,-207.452221
Generalized Competitive Suppression,-223.2655939,-211.4692775,-348.265541,-175.6227283,-189.4783538,-174.3566947,-243.1904291,-230.523606,-233.5086975,-154.9171748,-381.36704,-180.3388434,-205.4315622,-178.0789033,-250.4160889,-211.4108495
Generalized Competitive Suppression,-237.6102308,-219.4295382,-219.8842858,-187.2030298,-173.622347,-169.7570262,-255.3712994,-238.7215077,-167.0407005,-150.8751529,-220.91004,-192.5521933,-194.1087651,-176.8396113,-251.0253826,-219.2234739
Generalized Competitive Suppression,-216.6804585,-214.4198223,-198.9984825,-180.6456988,-193.6624364,-188.350166,-239.9090961,-234.3318969,-198.0273722,-170.9240019,-218.0700252,-184.7340573,-201.771698,-190.6883432,-287.4848575,-214.5244524
Generalized Competitive Suppression,-220.1061918,-213.4608245,-200.0412435,-180.4965578,-175.3442225,-171.7557598,-247.3984344,-234.9994106,-213.7952817,-150.5295325,-223.2871095,-188.4024199,-184.3548826,-173.0483837,-274.5115018,-213.3408806
Generalized Competitive Suppression,-214.6621105,-201.1808975,-197.2679914,-165.5603434,-183.0790738,-174.1441171,-235.4058452,-219.1892123,-179.5512606,-155.1301175,-199.5232864,-171.361921,-211.7760914,-177.0874577,-247.5580222,-201.1798226
Generalized Competitive Suppression,-221.9406908,-210.3341842,-205.8348061,-168.4056922,-174.1575697,-170.1043412,-245.7069067,-231.7985227,-157.1730588,-142.1543158,-211.0068359,-174.8307942,-183.8942667,-170.6539532,-254.6322864,-210.4044083
Generalized Competitive Suppression,-225.4987273,-213.8463762,-237.3188849,-188.6048706,-190.3242461,-172.5091654,-244.1329634,-233.1169694,-261.2029316,-161.0392324,-241.5045786,-195.2525415,-206.1800321,-173.8127248,-245.6057214,-213.814623
Generalized Competitive Suppression,-214.8174776,-221.0217112,-220.1852896,-191.4314287,-184.9085771,-186.12857,-235.543405,-238.5483935,-209.6090194,-173.6047742,-225.5009447,-195.2471611,-183.1881721,-184.4765998,-224.4742118,-221.4371276
Generalized Competitive Suppression,-225.5875545,-209.3077233,-227.1246375,-180.251312,-180.2626575,-171.5033069,-244.106144,-229.7665308,-205.0546976,-156.8389912,-238.2564772,-187.7830785,-216.7711925,-176.071415,-232.6137052,-209.3187187
Generalized Competitive Suppression,-244.7932474,-215.3427289,-284.5972954,-192.8666628,-178.987762,-175.5934491,-264.4616157,-234.2688111,-172.1307495,-160.3583555,-297.6124705,-199.0161617,-213.2904521,-181.9136611,-251.0641105,-215.4005227
Generalized Competitive Suppression,-231.6459849,-224.3862694,-198.8898107,-200.5203494,-224.0569533,-199.122243,-247.6409309,-239.7411015,-206.2195946,-185.1989769,-209.031477,-203.378577,-230.5247298,-200.6664602,-248.8307515,-224.5434864
Generalized Competitive Suppression,-212.8211731,-209.1816116,-295.975151,-181.2799213,-190.0455416,-183.593769,-233.6186562,-229.0753251,-388.2356047,-166.834075,-291.4334408,-187.6617226,-196.5255631,-184.6866467,-230.0233047,-209.2300406
Generalized Competitive Suppression,-224.5188466,-218.0036574,-236.8214159,-195.0881525,-186.6182577,-182.9917596,-246.2535325,-238.1546322,-184.8030562,-167.3673566,-260.3733394,-200.5279047,-209.3082385,-190.8860341,-230.2990294,-217.9623915
Generalized Competitive Suppression,-213.4447281,-204.4896927,-308.7414477,-181.9399313,-198.9002803,-173.8387052,-237.6388899,-227.2298436,-209.5355113,-162.4344752,-257.0372595,-188.5126971,-201.9822334,-177.4560945,-238.2773066,-204.5704438
Generalized Competitive Suppression,-217.7118147,-208.0717748,-219.7505335,-173.5227142,-181.0063165,-172.3347861,-237.1584657,-226.5073413,-192.7728409,-153.8845567,-219.7075648,-176.6539653,-189.6010422,-174.8286388,-231.0841173,-208.0263214
Generalized Competitive Suppression,-220.5779058,-213.2414661,-228.9596533,-189.6935942,-200.7896004,-195.7335549,-235.1135717,-229.7848477,-200.28987,-180.8965729,-241.6639326,-194.2471783,-203.3752801,-195.7507185,-289.8954959,-213.4655234
Generalized Competitive Suppression,-219.4786349,-212.6452193,-224.2157513,-193.1587727,-191.2053495,-178.0481931,-240.4177829,-233.9996437,-219.0753784,-169.2736057,-240.1702529,-200.3701024,-215.6991444,-181.7959415,-274.495497,-212.8748097
Generalized Competitive Suppression,-225.153517,-219.9471903,-189.0675166,-187.7447886,-225.7349237,-192.3086697,-242.5696481,-236.1990609,-193.3386941,-170.8893469,-212.1286747,-190.7721967,-243.7677296,-193.6330155,-254.3815771,-220.3119835
Generalized Competitive Suppression,-256.0002605,-200.4498961,-319.8272274,-167.4333889,-200.720444,-172.2597434,-290.9050621,-219.9763519,-294.2793959,-158.0785238,-358.7899509,-169.7449791,-238.8250442,-173.3584256,-264.6829062,-200.7578536
Generalized Competitive Suppression,-235.8671571,-217.6823934,-229.1718228,-194.0786122,-188.5137441,-182.4770475,-252.3216637,-235.4242555,-196.5731914,-167.9101873,-239.5644875,-199.3769372,-222.4930134,-190.1589552,-271.1227043,-217.6038767
Generalized Competitive Suppression,-241.911743,-217.8329511,-231.3391904,-182.3502888,-199.6229687,-175.6693744,-258.124373,-235.5081374,-171.5372111,-154.5482956,-238.4613112,-186.4767486,-231.9361321,-180.6574303,-415.6290889,-217.7128529
Generalized Competitive Suppression,-246.9267055,-220.7137957,-197.6844968,-183.3646532,-205.9127397,-177.6578464,-260.3275004,-240.8208134,-173.4790629,-157.9192216,-213.2340646,-192.6311253,-239.8084632,-179.0691155,-267.333279,-220.7013304
Generalized Competitive Suppression,-225.7130337,-221.3088553,-516.3173488,-195.392126,-193.6579109,-188.0243419,-248.6498317,-240.7197798,-169.5946762,-168.9161535,-303.1641076,-202.0577346,-214.2739142,-188.9342951,-238.8973657,-221.2711592
Generalized Competitive Suppression,-215.8525279,-206.5089468,-441.1935722,-175.7695345,-181.7170152,-177.0088351,-241.5322659,-227.4797913,-187.0540786,-161.7271093,-448.8716301,-183.7826456,-187.4989731,-177.9089151,-380.2621382,-206.8239514
Generalized Competitive Suppression,-218.5588849,-214.9909866,-204.8891559,-189.3688221,-190.6379884,-186.9596579,-237.4463531,-234.0599693,-183.7317355,-173.7551382,-219.414059,-195.2614919,-193.4182981,-187.5896623,-233.7791297,-215.0406737
Generalized Competitive Suppression,-217.675704,-205.0372419,-195.9424707,-162.6116477,-168.1606008,-164.3565572,-236.7612681,-225.3044564,-140.1494308,-135.3705929,-204.7625414,-170.4016446,-178.6555019,-165.9788558,-227.6368414,-204.9788428
Generalized Competitive Suppression,-212.6275411,-206.6746765,-221.1828455,-180.0915083,-199.3330505,-180.3958583,-226.9733399,-222.760871,-230.0823597,-162.9257585,-221.6902053,-184.0885955,-202.8544097,-181.8450162,-228.3049726,-206.6286294
Generalized Competitive Suppression,-237.2837359,-225.1942826,-462.7784153,-195.3657822,-198.0221955,-185.8290858,-265.5390283,-244.3154472,-258.4948685,-168.7090102,-735.2921298,-199.7714383,-212.8558545,-192.2060496,-295.921013,-225.5821797
Generalized Competitive Suppression,-222.8181858,-218.7663253,-229.2657598,-193.1037476,-181.7147803,-177.3482893,-248.1380102,-241.3450411,-169.5247991,-163.4874109,-234.8696421,-202.1394647,-199.6741936,-177.0050545,-231.3316643,-218.8132144
Generalized Competitive Suppression,-223.9671564,-210.0718205,-220.4598471,-189.6686007,-180.7434189,-178.6700822,-253.4324482,-229.8409311,-215.1799066,-168.6649725,-238.9063157,-194.9891885,-201.5757096,-183.1922585,-232.8765514,-210.0923223
Generalized Competitive Suppression,-259.4991448,-211.67979,-236.8925104,-183.4204791,-182.5292381,-175.7131586,-269.2667564,-229.5210181,-146.2804875,-148.6900748,-225.0822827,-190.3161767,-252.9247769,-179.5521796,-339.7695791,-211.6761068
Generalized Competitive Suppression,-219.1905325,-216.7324113,-260.8174061,-198.9450923,-208.7071226,-184.9800231,-237.8147509,-236.2606064,-192.5047267,-171.7309198,-231.6484928,-206.4753323,-207.462678,-185.9255739,-235.0491006,-216.9501824
Generalized Competitive Suppression,-206.6980887,-199.5225774,-238.9386471,-166.8616436,-183.9941035,-175.7464737,-232.1705274,-221.3581091,-173.0985846,-154.0051039,-258.6746439,-175.2829346,-211.7673193,-175.0035088,-238.2054131,-199.8836069
Generalized Competitive Suppression,-217.5273629,-207.5497206,-199.3481124,-180.7483593,-206.4068727,-180.1381322,-231.5100508,-227.2488169,-199.2872607,-169.4389277,-211.4187848,-188.3803648,-210.4330216,-180.7748475,-276.7485212,-207.7935915
Generalized Competitive Suppression,-218.5782644,-206.7097514,-209.7709353,-170.2849636,-204.5323424,-175.1276488,-231.5561288,-226.160921,-200.8172178,-154.5816634,-205.5024509,-174.4394621,-213.0229918,-177.2237684,-227.3617279,-206.6957342
Generalized Competitive Suppression,-226.3171461,-222.1335891,-210.4407607,-197.5858639,-201.3428784,-192.3738698,-239.6291727,-237.009232,-209.4172503,-178.7746536,-224.5491204,-199.520383,-217.5547579,-201.0132402,-252.6498808,-221.7669533
Generalized Competitive Suppression,-218.5423528,-219.0736344,-188.803011,-182.7273385,-200.3804359,-182.7492861,-238.3423818,-236.9747877,-166.6959589,-160.6233115,-199.9408653,-187.1150152,-212.7022686,-182.2040634,-222.428791,-219.1078949
Generalized Competitive Suppression,-212.0377166,-206.6803875,-200.2766279,-171.3601381,-173.6573687,-164.9145273,-233.9334877,-226.8453111,-168.3419388,-144.7777958,-207.2619575,-177.8814979,-188.0562388,-167.9227175,-229.8623709,-206.7677148
Generalized Competitive Suppression,-217.7248999,-219.514028,-203.6214062,-193.7383207,-183.0864297,-182.8713509,-239.7829727,-238.3468292,-176.9304748,-168.3168558,-206.6467311,-197.8379391,-189.7164565,-185.9109432,-222.7193438,-219.7823617
Generalized Competitive Suppression,-230.3314507,-216.3052546,-236.6868176,-173.1589961,-190.7365366,-181.2799751,-252.0418137,-234.1030423,-209.3041591,-152.3501389,-237.9917783,-178.0961155,-211.1263505,-184.677949,-259.7561236,-216.4768489
Generalized Competitive Suppression,-232.1782364,-214.6191784,-211.9245615,-178.085881,-200.8314736,-180.9277332,-245.1215069,-232.906564,-177.4691068,-158.1904553,-214.0369443,-182.9631707,-208.4754326,-185.088285,-246.9050432,-214.6610072
Generalized Competitive Suppression,-214.0208563,-213.361226,-182.7470463,-189.2610728,-194.7038521,-187.7366087,-238.0015993,-233.9673851,-201.7469909,-181.9821029,-191.5539204,-194.4253164,-203.1515421,-189.3680949,-220.7120685,-213.4901908
Generalized Competitive Suppression,-212.2526804,-210.6653568,-198.560029,-166.8027371,-184.5587729,-174.3266175,-235.7145727,-231.5180399,-183.5618676,-152.3742443,-211.004335,-173.7523079,-197.146559,-177.608807,-227.7626389,-210.9116792
Generalized Competitive Suppression,-207.8421239,-199.0550243,-282.3873073,-177.8998099,-175.1165116,-167.1016017,-224.8042722,-218.4520745,-165.9384687,-154.728368,-250.0715699,-182.535064,-176.7531469,-169.2079684,-238.7376898,-199.1668893
Generalized Competitive Suppression,-214.4669227,-208.9021658,-246.5526659,-190.0737463,-183.9626358,-177.808322,-233.3742796,-227.7866732,-208.5004638,-170.9115715,-231.964463,-196.3460084,-192.5277819,-179.950602,-225.3332598,-209.0406026
Generalized Competitive Suppression,-229.3118501,-224.3806616,-240.6548003,-188.0253287,-188.4611888,-182.432511,-249.7380156,-243.1774082,-192.3855138,-161.1787767,-250.058202,-192.8403749,-189.6573588,-178.2949914,-249.1119121,-224.7659575
Direct Suppression,-189.0520603,-182.9665606,-201.3703721,-181.5260686,-232.6471104,-219.8434429,-183.2625168,-177.0679945,-262.3241668,-220.9490133,-201.1396403,-175.9067361,-220.4254169,-182.9828215,-257.9630934,-178.0582966
Direct Suppression,-180.8091734,-179.1506989,-250.6349043,-183.6057505,-220.5799721,-219.2116936,-182.7545993,-179.2601388,-260.6145128,-225.7599178,-244.8186214,-180.2454625,-190.564489,-180.0106971,-188.0948084,-178.9699497
Direct Suppression,-198.5947483,-186.0009116,-218.3139648,-182.7825894,-247.5713472,-235.3946206,-187.4905586,-177.8320144,-261.3449957,-236.0081769,-234.6486619,-183.4015441,-199.8788371,-186.4804779,-420.1321065,-184.669267
Direct Suppression,-201.6502101,-192.7238116,-253.6390232,-199.2673042,-244.330414,-233.5044609,-196.0676376,-185.4175762,-277.8013661,-237.230119,-278.4071444,-190.569116,-207.4416564,-193.3947803,-277.5131541,-186.5470915
Direct Suppression,-204.425625,-199.6623967,-252.2162499,-198.9113109,-238.6245765,-237.7528303,-192.2188931,-188.9983717,-257.993038,-238.1480821,-222.8998178,-193.3380046,-214.8325591,-199.9480899,-256.6409538,-188.1303311
Direct Suppression,-194.0285118,-178.0597936,-273.7672614,-182.4571162,-237.7182343,-227.7706855,-221.8638028,-171.7972243,-308.5189717,-226.2499056,-323.0417517,-178.587288,-206.796134,-178.0809786,-338.7121474,-173.6416821
Direct Suppression,-198.9773773,-198.0166708,-231.14798,-205.2362023,-241.134692,-235.3950118,-187.1640075,-186.9806213,-280.8482582,-241.1579428,-234.5021738,-194.5979157,-200.4365616,-197.8611971,-290.7671265,-200.4069318
Direct Suppression,-203.2218253,-199.5826812,-227.1455393,-199.5040294,-260.9762005,-242.0153378,-200.8247722,-193.7893925,-294.726029,-242.2227545,-223.7636697,-195.3985317,-213.0506575,-199.9517042,-221.5220827,-195.8629237
Direct Suppression,-190.8497425,-191.7601623,-214.0647836,-193.5168202,-227.6012246,-226.0535638,-185.8873286,-180.0303276,-311.6660242,-227.7169941,-212.5193291,-183.0901629,-198.8407158,-190.6482584,-198.248706,-180.2965983
Direct Suppression,-178.7274874,-174.5895532,-206.0725427,-179.1586162,-230.2675735,-222.8814841,-168.8229502,-163.5300539,-272.3821902,-222.7235074,-200.1436547,-168.9927181,-184.5442888,-176.1474406,-227.8824169,-167.3850311
Direct Suppression,-187.0308547,-187.7486831,-224.6730317,-193.7242935,-228.0637417,-224.8808394,-193.9727245,-185.4493561,-257.79134,-226.5115545,-243.4229587,-189.2754951,-195.4939572,-187.8583691,-289.7473256,-186.9836463
Direct Suppression,-191.0193443,-184.1960835,-252.3928325,-184.6955698,-242.8536538,-223.5343553,-191.4506179,-182.2664892,-291.2843136,-222.66058,-254.3776104,-181.9425265,-197.9357391,-184.5390473,-366.9131286,-181.2958779
Direct Suppression,-223.2629127,-200.1747189,-293.8988791,-201.9107181,-235.4654771,-230.8690951,-217.6088007,-197.6573961,-271.2145589,-231.9921564,-260.2314141,-199.6831175,-224.9657325,-200.1595006,-299.7632567,-198.5466934
Direct Suppression,-184.9887259,-175.9224477,-289.5629379,-181.7215991,-236.0790726,-219.3964161,-175.1570638,-168.6430652,-321.4573496,-221.449925,-292.9021145,-174.9539385,-198.5497666,-177.642054,-317.291071,-171.4451526
Direct Suppression,-210.7362111,-199.8305232,-282.7443215,-199.510886,-246.886866,-237.0557622,-187.6011227,-182.0168911,-265.495536,-236.2786899,-243.721685,-185.0748859,-214.5182235,-200.0541417,-221.7730005,-191.7048055
Direct Suppression,-199.8501311,-178.5838308,-232.4070253,-175.6479963,-247.0395685,-220.5131795,-203.4401527,-166.2949089,-259.0582413,-217.5478587,-281.9761485,-168.3481515,-203.9678989,-178.8647432,-388.1193708,-192.4865263
Direct Suppression,-189.8567238,-181.9589287,-248.4069878,-185.4796431,-241.218466,-224.2203468,-178.9457457,-176.3012218,-264.8030496,-225.692227,-216.5225232,-176.946742,-202.1245431,-181.7513543,-208.7196826,-181.5054662
Direct Suppression,-196.0551808,-182.5839983,-278.678743,-190.4212922,-233.280304,-218.6091933,-195.4369677,-184.7721565,-268.4309893,-219.9012475,-234.5942494,-187.8574478,-213.6315998,-186.2356381,-239.0135208,-183.8512631
Direct Suppression,-196.6100627,-192.9698745,-225.8874246,-194.6417439,-233.753912,-232.1138346,-183.7115235,-180.8014841,-267.412455,-232.3206098,-242.4816173,-187.749467,-199.6931138,-193.3278912,-257.7794476,-182.0751481
Direct Suppression,-181.6799146,-180.3018452,-223.2882237,-184.8609652,-227.7013119,-216.0477559,-182.8449654,-180.4068741,-275.2937708,-216.8858469,-211.7468668,-181.2141563,-193.7571723,-183.4270015,-208.5864503,-181.2990622
Direct Suppression,-223.5997143,-190.3352431,-248.8246277,-185.332939,-230.7830017,-226.3539012,-206.2356634,-181.2446698,-247.8358356,-224.6681591,-225.9190936,-180.8991941,-227.9619811,-190.2141893,-257.6265352,-185.4797456
Direct Suppression,-220.2913816,-195.5524687,-240.8522597,-196.5782751,-249.1647973,-228.7591391,-207.9604902,-178.1964742,-288.0462959,-231.0290782,-233.986173,-177.6268934,-232.8741949,-196.0249615,-429.9764735,-185.2371049
Direct Suppression,-172.3381901,-169.0504671,-218.7045814,-171.9383613,-227.2335573,-213.059909,-169.9490058,-165.9494704,-261.1055015,-211.5861453,-227.8658542,-169.9177613,-184.770906,-169.3973534,-255.2154186,-166.086048
Direct Suppression,-189.6720908,-182.8910516,-209.4448965,-185.9000405,-237.4609698,-226.5148508,-185.3038096,-177.6841029,-257.6983004,-226.7447947,-206.9408036,-180.9180351,-202.8352302,-185.0663679,-213.8314779,-180.2789977
Direct Suppression,-199.0320806,-183.7368228,-284.6751017,-190.5671388,-231.9540229,-224.7560274,-188.1243531,-173.5967933,-266.9861361,-230.2921903,-282.122434,-180.6097343,-205.6326878,-184.5371555,-264.1903655,-189.2172394
Direct Suppression,-196.1764554,-194.7476649,-242.0424812,-199.7733899,-232.202819,-226.448188,-197.3372853,-194.1934176,-291.4985545,-232.8497563,-242.6690838,-198.5133691,-208.0649113,-196.678833,-282.88393,-195.9103839
Direct Suppression,-187.9965486,-184.9606769,-255.6098619,-188.8884362,-229.9795532,-224.0058465,-183.2284905,-183.0495267,-303.1030754,-228.2361068,-246.9834407,-186.8430313,-193.1020535,-185.2912376,-232.8574634,-185.2570347
Direct Suppression,-206.4243226,-198.9116403,-233.8057194,-197.8670994,-238.7237518,-233.4425529,-235.3778681,-189.987207,-261.9479989,-232.8881771,-271.2596287,-191.1861552,-204.5036781,-198.7160318,-318.056709,-200.2308672
Direct Suppression,-163.4046818,-162.8678,-199.4753971,-162.052503,-217.2299019,-208.4783099,-155.6596754,-156.8139864,-301.1343792,-209.9503222,-210.7059982,-158.0606566,-166.0650458,-163.2716949,-214.3755003,-161.386319
Direct Suppression,-206.2524249,-196.5766925,-232.9152017,-194.3480351,-251.3042969,-234.0926577,-184.1719582,-180.4733225,-288.8400004,-233.2779755,-213.1463209,-178.7408312,-208.933733,-196.5684844,-635.9764404,-184.5489467
Direct Suppression,-201.1985242,-196.0822544,-238.4198947,-201.1674258,-248.4518452,-233.5161298,-196.3694338,-189.0346804,-272.9940374,-237.3303967,-236.2064194,-193.1213721,-210.7831178,-196.2327716,-325.3142733,-192.5270099
Direct Suppression,-219.7243299,-198.4180737,-266.3003264,-194.9828042,-246.6461052,-235.3911509,-205.9191213,-177.7471463,-271.948236,-234.738603,-281.8562658,-177.9335816,-219.427695,-198.3528915,-414.7882508,-194.721424
Direct Suppression,-185.5779171,-180.2845057,-238.7602312,-183.9886499,-224.8595769,-218.4022275,-181.7158449,-174.2038429,-338.8037977,-220.9383617,-233.5942974,-178.3892142,-190.1353267,-181.2710862,-252.1686791,-178.7394146
Direct Suppression,-191.665093,-186.2315595,-337.3549712,-187.873597,-244.5934355,-226.5113679,-179.4181587,-174.9764849,-292.1847363,-223.244166,-239.9217976,-178.4915315,-193.1326887,-186.2138722,-210.958268,-177.0497994
Direct Suppression,-196.5607756,-193.5294375,-266.4928305,-200.9929184,-239.4579515,-228.0217589,-197.7560296,-194.1438875,-288.5360692,-232.4722293,-255.561067,-197.7141527,-219.0188228,-194.4516738,-218.7399714,-202.6937801
Direct Suppression,-214.9070283,-203.6640631,-259.9087168,-202.5534938,-249.2947935,-238.0554647,-208.0126414,-194.6779119,-284.6681695,-238.1119056,-268.6300942,-196.9134689,-220.2231585,-204.3696828,-424.4371094,-195.7053598
Direct Suppression,-185.5435391,-179.5883776,-259.1200204,-176.3894892,-242.8332884,-223.5995543,-164.2175418,-164.6666345,-328.7081463,-218.6395358,-241.0354841,-170.42147,-196.0969959,-180.19245,-365.1310332,-170.7226415
Direct Suppression,-197.469332,-185.6343183,-252.8268512,-187.8233797,-234.2932462,-227.9298676,-188.4694557,-177.0678661,-260.6558575,-227.5528449,-318.5170288,-182.1282401,-196.1284972,-185.7663233,-288.6132442,-179.5124632
Direct Suppression,-201.709242,-191.7238126,-227.159101,-190.844251,-250.0270731,-231.9610206,-183.7002633,-173.9538593,-284.9514714,-232.1645008,-221.6895538,-177.7510421,-209.3916559,-191.8673737,-271.5706779,-175.1086583
Direct Suppression,-195.3744191,-191.9249664,-248.0227232,-198.2471415,-237.4987946,-232.9632723,-186.8874813,-187.0683888,-343.1579378,-235.6947651,-247.6960172,-194.7402999,-212.6143708,-192.0057497,-290.5786958,-188.320158
Direct Suppression,-186.3900026,-184.2628435,-242.6119976,-188.9605036,-233.3780156,-226.0693138,-178.0901919,-177.004071,-305.6983098,-229.1763261,-227.06673,-182.4009031,-186.197663,-184.4572764,-211.8126649,-177.5003117
Direct Suppression,-200.1705674,-190.8999894,-266.5575696,-193.2305602,-235.3093219,-230.2494375,-190.704557,-180.3402473,-282.4042471,-232.8904545,-229.532509,-181.2802046,-223.0825097,-192.2326735,-286.6806135,-183.0232912
Direct Suppression,-208.4748407,-199.5235163,-269.3946365,-202.703715,-241.083853,-231.5109662,-210.8629462,-195.8166497,-282.4814697,-233.6242396,-248.7841189,-199.2647355,-218.4870978,-199.594134,-229.3051127,-196.5646514
Direct Suppression,-198.2006578,-194.6056187,-245.6704282,-198.711762,-278.2061872,-240.0187764,-198.219538,-189.8725373,-381.4400764,-237.9688142,-235.7190715,-190.7588255,-222.48035,-198.3018833,-289.2334406,-188.6526097
Direct Suppression,-245.1708364,-214.2766937,-295.7841596,-215.8996169,-293.3233888,-241.3559187,-196.170727,-186.3562348,-331.9348342,-241.9961426,-241.0214725,-194.0062866,-265.9050271,-214.2169448,-255.3085418,-196.135362
Direct Suppression,-186.7900735,-181.2018077,-229.3676636,-179.5468462,-230.7159075,-222.5784544,-188.0456087,-177.1970429,-251.3175935,-218.9022894,-211.8814574,-179.0740367,-192.1865146,-180.2402376,-306.9188033,-182.3282452
Direct Suppression,-200.5148068,-175.9905964,-232.5976628,-179.319577,-274.6641523,-223.4091292,-199.8100177,-173.7987549,-297.4474653,-223.0210667,-224.9244227,-179.8921404,-218.2580892,-176.5338744,-221.7741648,-179.4511233
Direct Suppression,-193.4098607,-176.7310567,-236.3245055,-178.3145537,-233.8504539,-221.7570786,-190.0007421,-175.024525,-261.6804319,-222.4388095,-240.5192134,-177.0894813,-204.9018416,-177.4563504,-312.6910913,-178.4488769
Direct Suppression,-193.7649907,-188.492354,-225.7581817,-193.9973051,-230.702466,-227.9832147,-192.7366467,-182.9159879,-282.3439362,-232.8485789,-216.879382,-188.7510218,-195.2276219,-189.3717573,-237.1602309,-184.2652012
Direct Suppression,-198.2875996,-190.3913142,-274.0645782,-195.3017158,-274.0935514,-230.843817,-193.904987,-185.165095,-370.9249966,-232.4485141,-254.4291139,-189.6224943,-323.0757871,-190.6065104,-221.3354787,-185.2025146
Direct Suppression,-187.5702501,-176.6612713,-213.548754,-177.332869,-224.8826533,-218.6660413,-181.4406143,-169.4290358,-267.1771521,-216.8865331,-218.0354902,-173.445085,-204.3235472,-177.5936121,-313.0256986,-171.1477528
Direct Suppression,-196.5348124,-181.5116614,-294.8197237,-184.2927165,-246.7128564,-224.5900078,-188.364073,-176.8775902,-313.8205024,-224.5706864,-266.7924321,-180.0781295,-238.0577922,-182.9803129,-193.2725052,-178.1282648
Direct Suppression,-195.1216786,-184.2770246,-328.5912698,-185.1266707,-240.8394173,-224.5772311,-172.7055482,-168.6142946,-317.1011976,-221.8276342,-338.2602751,-173.3955243,-214.0021121,-185.8475211,-362.6521198,-173.1063342
Competitive Suppression,-231.5762893,-218.051646,-326.4373763,-220.0762616,-187.6088734,-169.3884501,-261.3588046,-238.2061924,-306.3294563,-182.8063358,-358.0576746,-225.4130177,-231.5352314,-169.4944077,-318.2790551,-218.0236086
Competitive Suppression,-205.0190531,-199.7023458,-243.6784501,-191.828415,-168.3374026,-158.5613452,-224.2973114,-219.4128579,-269.7382561,-161.6215494,-268.5059884,-199.4623608,-179.8771561,-159.8496708,-221.3705917,-199.8849801
Competitive Suppression,-204.2350136,-201.609069,-238.6629403,-192.4067928,-159.8165836,-155.3999625,-227.2407408,-223.0830626,-221.5718916,-157.9420864,-252.3045734,-200.0854094,-178.1852942,-154.3746364,-302.6757553,-201.8650855
Competitive Suppression,-204.4320614,-198.3507486,-242.1033127,-195.7791643,-169.5700935,-162.3965987,-227.7968039,-219.4278728,-230.9193418,-168.3506402,-256.3737413,-203.1554842,-179.7202658,-165.2295008,-219.9157449,-198.5530874
Competitive Suppression,-202.3336296,-201.4046413,-246.6857548,-202.4382414,-184.1202627,-166.2376609,-226.4602395,-222.8213163,-263.3893011,-175.4702272,-263.639572,-211.4543023,-190.3907985,-168.3767807,-220.9843386,-201.6189409
Competitive Suppression,-213.7690148,-210.036249,-267.9321232,-212.9227156,-164.5591909,-160.184593,-241.2428995,-230.3053706,-200.1220792,-170.0579777,-294.746772,-221.0457878,-216.4195887,-163.7542935,-285.3918689,-210.3852455
Competitive Suppression,-210.6994253,-193.2253414,-245.7872487,-183.2311862,-152.9911548,-144.3168076,-238.2564167,-219.0400836,-259.7557798,-146.2095206,-254.8450715,-191.6630996,-191.0861838,-144.1331385,-224.0157487,-193.2733397
Competitive Suppression,-224.8173,-204.7354311,-281.1697173,-195.710598,-200.3242687,-173.6019382,-244.6170402,-225.2826497,-251.3200407,-173.9283786,-288.5016071,-203.489064,-221.2615755,-175.094742,-296.8547864,-204.7244018
Competitive Suppression,-203.8107264,-187.9857533,-255.5902127,-181.0114974,-180.2760895,-165.2002373,-232.4063773,-209.135017,-334.4853643,-167.0017325,-266.3917023,-189.5440648,-227.6321379,-164.8528131,-226.7156073,-187.8327925
Competitive Suppression,-228.0055595,-211.0191006,-252.1265643,-201.7881819,-164.6282506,-160.0931613,-262.2023268,-232.1224484,-240.0772717,-170.1186137,-272.1510826,-206.7646755,-189.1235598,-160.4778343,-277.2340904,-211.00937
Competitive Suppression,-189.7122083,-187.2236016,-289.6333121,-181.298926,-170.8922407,-167.3044092,-213.6021877,-208.8015489,-284.224166,-173.2744779,-320.0869633,-187.7405624,-174.6540013,-167.8571765,-195.2750898,-187.270107
Competitive Suppression,-199.0947245,-199.9635463,-283.4524868,-209.3903447,-191.1573368,-180.3211674,-226.9216489,-225.0083089,-246.8991887,-190.6370007,-272.0941871,-220.5601439,-195.8202173,-184.7214212,-287.3344645,-199.866107
Competitive Suppression,-209.5723889,-199.7587445,-293.9912833,-197.7306051,-176.118174,-171.466522,-229.6552695,-220.0580716,-206.5251464,-174.4767009,-297.2726786,-205.8922701,-199.7504218,-176.3513,-251.1341935,-200.1255914
Competitive Suppression,-215.4684308,-200.3023518,-257.1555231,-195.6301709,-176.2424109,-167.148795,-233.546846,-219.8932475,-225.9363882,-172.3110355,-273.7703044,-205.1449254,-208.6697548,-174.0262587,-224.1706156,-200.2833708
Competitive Suppression,-216.5761133,-212.8848736,-236.3941774,-207.8242354,-176.6099536,-167.4514202,-236.264387,-230.7676128,-229.0931588,-176.9315873,-233.0429287,-211.8947267,-186.5231712,-166.6584437,-245.2035525,-213.1846259
Competitive Suppression,-212.9580079,-209.6295567,-273.2150563,-214.585642,-167.8899634,-169.7778823,-239.1544242,-230.3481616,-237.6302042,-179.7864505,-291.3675054,-222.1936803,-181.5867789,-171.5838531,-219.3859359,-209.7540783
Competitive Suppression,-204.5453151,-198.5457573,-223.0540727,-195.2813803,-151.7985763,-152.2262418,-236.4744966,-222.8694163,-188.1222667,-162.1070312,-250.8315338,-203.6031849,-176.7466511,-155.3602519,-249.8287117,-199.1807542
Competitive Suppression,-196.3439222,-194.759788,-221.963196,-196.9168819,-170.4185415,-165.4736762,-225.0757621,-215.5533538,-322.8056235,-174.5097293,-239.2252436,-204.7782504,-170.9365274,-159.9793271,-240.6298645,-194.7911371
Competitive Suppression,-212.9187745,-209.9010074,-250.791733,-216.3590675,-198.8294681,-181.2597172,-240.8221223,-232.3114478,-239.780096,-188.3246233,-290.1721812,-225.3632481,-211.6783009,-182.0929661,-272.281973,-211.7930115
Competitive Suppression,-197.4257161,-189.7105714,-261.8192114,-184.6114563,-172.9782951,-157.0140437,-217.2236738,-211.4004959,-226.1530131,-161.469307,-266.5561457,-193.0717796,-186.9736293,-161.9384726,-217.41608,-189.6714157
Competitive Suppression,-203.1088444,-197.2956341,-244.830218,-197.1792219,-162.0888834,-162.1272799,-226.2365333,-220.2941632,-196.9807172,-161.8920807,-266.1027495,-206.5389447,-172.2371028,-163.7965319,-228.9680009,-197.460403
Competitive Suppression,-206.0777651,-204.5304752,-253.3301531,-203.7677399,-206.0898629,-192.9758058,-226.8489692,-222.2889347,-243.5474817,-194.7898204,-274.3495404,-210.6747203,-212.1262236,-192.9628736,-279.2675987,-204.564595
Competitive Suppression,-228.1724197,-209.6891191,-290.8491818,-197.8914128,-178.5578047,-171.7360451,-248.1797816,-226.9835078,-250.1728199,-173.5988948,-314.2970368,-203.2744878,-192.6006026,-173.1703816,-234.2875272,-209.6920294
Competitive Suppression,-198.730797,-187.394886,-221.9346491,-179.979007,-161.4521633,-159.0944945,-229.3481094,-211.8475427,-205.3887037,-158.3244668,-226.1897223,-192.0708088,-173.9163713,-157.7662517,-203.7060361,-187.3903458
Competitive Suppression,-197.9547176,-196.1189959,-282.9241433,-201.8596383,-165.6306043,-167.6506548,-218.9139059,-217.6360589,-187.1207258,-173.3931928,-295.3571247,-210.0908794,-170.0472756,-168.3619812,-271.1978265,-196.2051276
Competitive Suppression,-202.7015218,-197.3007619,-221.127476,-187.8227908,-164.4705434,-166.7597982,-228.4188138,-220.3747173,-201.1276829,-172.229115,-244.4531935,-197.1726987,-183.4628505,-172.6855476,-272.9745175,-197.1880012
Competitive Suppression,-199.2125872,-191.8844892,-414.4587063,-179.4558519,-164.5282488,-160.1320449,-220.010353,-213.4857685,-208.2665003,-164.3942319,-294.2752802,-186.9953235,-217.5982709,-162.4522515,-225.425888,-191.8849218
Competitive Suppression,-203.1671463,-205.3445503,-219.4569255,-192.5190628,-173.5905291,-162.8329883,-225.8219816,-226.651808,-230.7272389,-162.242723,-224.335557,-203.1628423,-185.2439463,-164.3341205,-234.8817081,-205.8866351
Competitive Suppression,-188.5366819,-190.5214505,-219.2963942,-188.6668731,-166.0567263,-157.5943093,-218.8353594,-215.3405704,-187.3212893,-161.3603121,-244.1664768,-200.8220805,-184.063259,-158.4814363,-227.3263839,-190.9454229
Competitive Suppression,-213.8073974,-207.6648645,-236.0541405,-196.4499935,-178.9943627,-172.4570424,-237.8890082,-228.9329298,-232.1136361,-178.9641099,-256.103386,-204.5554257,-200.7053068,-174.0019501,-239.7214381,-207.6975339
Competitive Suppression,-211.4996198,-199.3839278,-274.3155175,-189.4534693,-162.0845033,-160.3127924,-228.6306298,-215.8976753,-265.571176,-165.0101305,-277.1504199,-192.2267234,-199.0342602,-164.4744111,-254.2617295,-199.8450784
Competitive Suppression,-224.0116473,-213.5952284,-242.6556182,-202.0777614,-176.0562738,-170.2652724,-242.416575,-232.4474557,-206.2119673,-174.6829884,-248.4203884,-208.0388019,-206.2446083,-172.6199495,-263.6973237,-213.7319417
Competitive Suppression,-212.8713786,-203.6610396,-257.7636186,-203.2835507,-180.5563127,-163.7653678,-230.4373347,-222.3713225,-293.3560559,-168.231755,-260.8315642,-209.0793221,-199.8418714,-165.2618532,-223.1214111,-203.3565036
Competitive Suppression,-207.2643117,-203.0217358,-248.7679521,-200.778436,-195.0973021,-170.1609342,-227.6245894,-224.7002791,-254.7179842,-173.6591926,-264.2737336,-207.5992566,-224.1099832,-176.939339,-251.9527419,-203.01833
Competitive Suppression,-226.7405256,-217.1214546,-274.9776387,-207.9176128,-184.1072697,-178.9094232,-254.6474772,-239.0552396,-278.8598962,-182.1491882,-291.5315473,-214.0232167,-221.8055838,-178.4128009,-239.3797121,-217.0393083
Competitive Suppression,-228.2329311,-213.2754915,-231.5430633,-198.8434923,-169.3113956,-168.8505898,-253.4288443,-231.0807796,-216.923827,-170.3757095,-248.1315347,-203.9139756,-205.7565417,-173.9141708,-252.6807527,-213.0116646
Competitive Suppression,-227.0200193,-194.3174983,-456.5515003,-193.3325788,-162.4627288,-161.3964261,-239.4131291,-210.4595946,-255.0619956,-170.651925,-447.8536732,-197.9736323,-190.7912925,-164.8263007,-224.419908,-195.0799038
Competitive Suppression,-226.3657031,-204.6627403,-278.1789251,-198.4991021,-191.8836176,-171.7747167,-258.6209871,-223.1582204,-264.8576812,-175.0552956,-325.6272443,-206.3439581,-223.3286443,-177.26353,-249.8994966,-204.5946224
Competitive Suppression,-206.9369186,-202.6795145,-249.0296555,-198.0101119,-168.2628306,-170.061558,-227.1775837,-222.3032847,-567.032596,-174.9262359,-250.8898645,-204.173858,-180.9002565,-171.7103344,-219.4599428,-203.0446679
Competitive Suppression,-232.1053674,-222.2606762,-246.9270114,-213.7571071,-195.9756234,-185.6001566,-261.5788785,-240.3087807,-229.5309917,-187.3778881,-260.8420362,-219.4127025,-220.6393403,-192.7307488,-299.2315774,-222.1496069
Competitive Suppression,-197.3074833,-198.9881043,-257.523801,-191.9185357,-162.0563715,-155.7572093,-217.22093,-217.0197975,-204.5129923,-157.079065,-220.9350947,-197.7245561,-172.9084826,-162.1909624,-334.2241198,-199.4283042
Competitive Suppression,-214.188706,-201.6150116,-239.3342608,-195.3396272,-176.3725442,-174.0303121,-236.0891574,-223.088997,-209.4550668,-171.2972017,-250.3065919,-205.8672158,-199.7740142,-174.5819222,-212.3786991,-201.6068029
Competitive Suppression,-222.755621,-190.7149093,-246.3676366,-189.1862417,-172.0657003,-170.703027,-255.7170467,-216.8379693,-210.6408445,-178.1304363,-264.5414653,-201.4717665,-219.8525257,-176.5032505,-231.4868916,-191.0799928
Competitive Suppression,-203.2505056,-201.2248151,-270.7439175,-201.66788,-204.1257771,-186.4189461,-224.3427446,-217.2099559,-274.2501781,-193.004779,-294.6814701,-204.4534475,-210.6048412,-189.5119776,-214.7639855,-202.257693
Competitive Suppression,-212.3552659,-194.0845688,-236.0012112,-187.758887,-213.6302361,-177.2162459,-240.7247263,-214.5720689,-237.7590775,-178.6182916,-250.3912042,-195.962449,-236.4142562,-179.1588989,-214.1577076,-194.1336374
Competitive Suppression,-201.6443488,-195.0063592,-241.7780907,-190.1380426,-174.7791736,-162.3306748,-235.9111626,-218.470215,-241.0589655,-162.7094187,-261.2851625,-197.405543,-191.4015388,-164.0499601,-336.8596247,-195.28627
Competitive Suppression,-225.8819936,-215.7211017,-242.6107874,-211.2152917,-175.9849249,-170.4434271,-244.7886076,-233.4728319,-211.2989554,-174.5985802,-258.3644809,-217.632663,-200.9690967,-177.5291785,-242.7794088,-215.2551505
Competitive Suppression,-194.3204112,-191.6544455,-233.5333071,-189.278617,-167.3997945,-168.9764321,-220.8056485,-216.9472973,-240.245573,-176.1998296,-242.6717448,-200.2563239,-179.5231128,-170.16178,-220.5568141,-191.8729932
Competitive Suppression,-206.4937865,-199.029113,-316.1050198,-196.0659331,-193.9533889,-167.6061172,-222.2946558,-219.4250945,-324.8725276,-164.3272225,-279.1062609,-208.469387,-208.4206855,-168.4613629,-216.1436659,-198.921966
Competitive Suppression,-205.4363036,-208.603375,-246.7163545,-207.7845503,-180.2151185,-176.3473797,-228.2064936,-226.0687995,-231.6028438,-181.7465402,-265.4366777,-213.0904189,-189.282741,-180.5825442,-241.5701349,-208.7713073
Competitive Suppression,-217.2684156,-212.2801342,-236.428165,-204.2736432,-199.7549384,-172.4944475,-241.9728263,-232.5729944,-258.3776827,-175.1581686,-255.84554,-208.4873372,-210.1492494,-174.2703071,-242.4331161,-211.8970562
Competitive Suppression,-215.0520027,-203.891289,-231.5181653,-197.1035584,-177.6643121,-171.7430036,-228.4384223,-221.6177289,-237.4801653,-176.9902885,-252.3636057,-204.3773383,-187.4422168,-172.4084609,-259.196142,-204.7087844
Competitive Suppression,-233.7096188,-212.7491813,-234.2985047,-197.8820002,-188.6180352,-166.0813658,-253.9877638,-234.2748174,-232.2961545,-166.992661,-245.4655793,-205.6642446,-197.9834334,-163.5959528,-353.5879988,-212.8171609
Competitive Suppression,-205.5183925,-200.9878053,-215.7007389,-193.6461173,-176.7609994,-167.9491878,-229.0099249,-222.0856018,-208.9863378,-165.8818474,-228.0839612,-202.3354627,-198.6925903,-168.0810007,-213.2977602,-201.1787444